[0.055s] Invoking command in '/ros2_ws/build/as2_msgs': CMAKE_PREFIX_PATH=/opt/ros/humble /usr/bin/cmake /ros2_ws/src/aerostack2/as2_msgs -DCMAKE_BUILD_TYPE=Release -DAMENT_CMAKE_SYMLINK_INSTALL=1 -DCMAKE_INSTALL_PREFIX=/ros2_ws/install/as2_msgs
[0.425s] -- The C compiler identification is GNU 11.4.0
[0.588s] -- The CXX compiler identification is GNU 11.4.0
[0.612s] -- Detecting C compiler ABI info
[0.752s] -- Detecting C compiler ABI info - done
[0.774s] -- Check for working C compiler: /usr/bin/cc - skipped
[0.775s] -- Detecting C compile features
[0.776s] -- Detecting C compile features - done
[0.782s] -- Detecting CXX compiler ABI info
[0.953s] -- Detecting CXX compiler ABI info - done
[0.963s] -- Check for working CXX compiler: /usr/bin/c++ - skipped
[0.963s] -- Detecting CXX compile features
[0.965s] -- Detecting CXX compile features - done
[0.971s] -- Found ament_cmake: 1.3.12 (/opt/ros/humble/share/ament_cmake/cmake)
[1.404s] -- Found Python3: /usr/bin/python3 (found version "3.10.12") found components: Interpreter 
[1.673s] -- Override CMake install command with custom implementation using symlinks instead of copying resources
[1.788s] -- Found rosidl_default_generators: 1.2.0 (/opt/ros/humble/share/rosidl_default_generators/cmake)
[1.799s] -- Using all available rosidl_typesupport_c: rosidl_typesupport_fastrtps_c;rosidl_typesupport_introspection_c
[1.824s] -- Found rosidl_adapter: 3.1.7 (/opt/ros/humble/share/rosidl_adapter/cmake)
[2.100s] -- Using all available rosidl_typesupport_cpp: rosidl_typesupport_fastrtps_cpp;rosidl_typesupport_introspection_cpp
[2.187s] -- Found std_msgs: 4.9.0 (/opt/ros/humble/share/std_msgs/cmake)
[2.255s] -- Found geometry_msgs: 4.9.0 (/opt/ros/humble/share/geometry_msgs/cmake)
[2.293s] -- Found geographic_msgs: 1.0.6 (/opt/ros/humble/share/geographic_msgs/cmake)
[2.397s] -- Found nav_msgs: 4.9.0 (/opt/ros/humble/share/nav_msgs/cmake)
[2.453s] -- Found action_msgs: 1.2.2 (/opt/ros/humble/share/action_msgs/cmake)
[2.495s] -- Found sensor_msgs: 4.9.0 (/opt/ros/humble/share/sensor_msgs/cmake)
[4.677s] -- Found ament_cmake_ros: 0.10.0 (/opt/ros/humble/share/ament_cmake_ros/cmake)
[5.820s] -- Using all available rosidl_typesupport_c: rosidl_typesupport_fastrtps_c;rosidl_typesupport_introspection_c
[8.881s] -- Using all available rosidl_typesupport_cpp: rosidl_typesupport_fastrtps_cpp;rosidl_typesupport_introspection_cpp
[8.988s] -- Found PythonInterp: /usr/bin/python3 (found suitable version "3.10.12", minimum required is "3.6") 
[8.996s] -- Found python_cmake_module: 0.10.0 (/opt/ros/humble/share/python_cmake_module/cmake)
[9.157s] -- Found PythonLibs: /usr/lib/x86_64-linux-gnu/libpython3.10.so (found suitable version "3.10.12", minimum required is "3.5") 
[9.165s] -- Using PYTHON_EXECUTABLE: /usr/bin/python3
[9.165s] -- Using PYTHON_INCLUDE_DIRS: /usr/include/python3.10
[9.165s] -- Using PYTHON_LIBRARIES: /usr/lib/x86_64-linux-gnu/libpython3.10.so
[9.305s] -- Found PythonExtra: .so  
[10.213s] -- Found ament_cmake_lint_cmake: 0.12.14 (/opt/ros/humble/share/ament_cmake_lint_cmake/cmake)
[10.230s] -- Found ament_cmake_xmllint: 0.12.14 (/opt/ros/humble/share/ament_cmake_xmllint/cmake)
[10.313s] -- Configuring done
[11.376s] -- Generating done
[11.575s] -- Build files have been written to: /ros2_ws/build/as2_msgs
[11.707s] Invoked command in '/ros2_ws/build/as2_msgs' returned '0': CMAKE_PREFIX_PATH=/opt/ros/humble /usr/bin/cmake /ros2_ws/src/aerostack2/as2_msgs -DCMAKE_BUILD_TYPE=Release -DAMENT_CMAKE_SYMLINK_INSTALL=1 -DCMAKE_INSTALL_PREFIX=/ros2_ws/install/as2_msgs
[11.708s] Invoking command in '/ros2_ws/build/as2_msgs': CMAKE_PREFIX_PATH=/opt/ros/humble /usr/bin/cmake --build /ros2_ws/build/as2_msgs -- -j8 -l8
[14.641s] [  0%] [34m[1mGenerating C code for ROS interfaces[0m
[14.642s] [  0%] [34m[1mGenerating C++ code for ROS interfaces[0m
[14.642s] [  0%] Built target ament_cmake_python_symlink_as2_msgs
[15.332s] running egg_info
[15.357s] creating as2_msgs.egg-info
[15.358s] writing as2_msgs.egg-info/PKG-INFO
[15.377s] writing dependency_links to as2_msgs.egg-info/dependency_links.txt
[15.377s] writing top-level names to as2_msgs.egg-info/top_level.txt
[15.377s] writing manifest file 'as2_msgs.egg-info/SOURCES.txt'
[15.382s] reading manifest file 'as2_msgs.egg-info/SOURCES.txt'
[15.401s] writing manifest file 'as2_msgs.egg-info/SOURCES.txt'
[15.623s] [  0%] Built target ament_cmake_python_build_as2_msgs_egg
[47.852s] [  0%] Built target as2_msgs__cpp
[48.202s] [  0%] [32mBuilding C object CMakeFiles/as2_msgs__rosidl_generator_c.dir/rosidl_generator_c/as2_msgs/msg/detail/acro__functions.c.o[0m
[48.535s] [  0%] [32mBuilding C object CMakeFiles/as2_msgs__rosidl_generator_c.dir/rosidl_generator_c/as2_msgs/msg/detail/controller_info__functions.c.o[0m
[48.737s] [  0%] [32mBuilding C object CMakeFiles/as2_msgs__rosidl_generator_c.dir/rosidl_generator_c/as2_msgs/msg/detail/follow_target_info__functions.c.o[0m
[48.991s] [  1%] [32mBuilding C object CMakeFiles/as2_msgs__rosidl_generator_c.dir/rosidl_generator_c/as2_msgs/msg/detail/geozone__functions.c.o[0m
[49.255s] [  1%] [32mBuilding C object CMakeFiles/as2_msgs__rosidl_generator_c.dir/rosidl_generator_c/as2_msgs/msg/detail/gimbal_control__functions.c.o[0m
[49.443s] [  1%] [32mBuilding C object CMakeFiles/as2_msgs__rosidl_generator_c.dir/rosidl_generator_c/as2_msgs/msg/detail/mission_event__functions.c.o[0m
[49.706s] [  1%] [32mBuilding C object CMakeFiles/as2_msgs__rosidl_generator_c.dir/rosidl_generator_c/as2_msgs/msg/detail/mission_update__functions.c.o[0m
[49.971s] [  2%] [32mBuilding C object CMakeFiles/as2_msgs__rosidl_generator_c.dir/rosidl_generator_c/as2_msgs/msg/detail/node_status__functions.c.o[0m
[50.200s] [  2%] [32mBuilding C object CMakeFiles/as2_msgs__rosidl_generator_c.dir/rosidl_generator_c/as2_msgs/msg/detail/platform_info__functions.c.o[0m
[50.466s] [  2%] [32mBuilding C object CMakeFiles/as2_msgs__rosidl_generator_c.dir/rosidl_generator_c/as2_msgs/msg/detail/platform_state_machine_event__functions.c.o[0m
[50.687s] [  2%] [32mBuilding C object CMakeFiles/as2_msgs__rosidl_generator_c.dir/rosidl_generator_c/as2_msgs/msg/detail/platform_status__functions.c.o[0m
[50.928s] [  2%] [32mBuilding C object CMakeFiles/as2_msgs__rosidl_generator_c.dir/rosidl_generator_c/as2_msgs/msg/detail/polygon_list__functions.c.o[0m
[51.132s] [  3%] [32mBuilding C object CMakeFiles/as2_msgs__rosidl_generator_c.dir/rosidl_generator_c/as2_msgs/msg/detail/pose_stamped_with_id__functions.c.o[0m
[51.337s] [  3%] [32mBuilding C object CMakeFiles/as2_msgs__rosidl_generator_c.dir/rosidl_generator_c/as2_msgs/msg/detail/pose_stamped_with_id_array__functions.c.o[0m
[51.576s] [  3%] [32mBuilding C object CMakeFiles/as2_msgs__rosidl_generator_c.dir/rosidl_generator_c/as2_msgs/msg/detail/pose_with_id__functions.c.o[0m
[51.762s] [  3%] [32mBuilding C object CMakeFiles/as2_msgs__rosidl_generator_c.dir/rosidl_generator_c/as2_msgs/msg/detail/pose_with_id_array__functions.c.o[0m
[51.976s] [  3%] [32mBuilding C object CMakeFiles/as2_msgs__rosidl_generator_c.dir/rosidl_generator_c/as2_msgs/msg/detail/speed__functions.c.o[0m
[52.220s] [  4%] [32mBuilding C object CMakeFiles/as2_msgs__rosidl_generator_c.dir/rosidl_generator_c/as2_msgs/msg/detail/thrust__functions.c.o[0m
[52.448s] [  4%] [32mBuilding C object CMakeFiles/as2_msgs__rosidl_generator_c.dir/rosidl_generator_c/as2_msgs/msg/detail/traj_gen_info__functions.c.o[0m
[52.705s] [  4%] [32mBuilding C object CMakeFiles/as2_msgs__rosidl_generator_c.dir/rosidl_generator_c/as2_msgs/msg/detail/trajectory_point__functions.c.o[0m
[52.965s] [  4%] [32mBuilding C object CMakeFiles/as2_msgs__rosidl_generator_c.dir/rosidl_generator_c/as2_msgs/msg/detail/trajectory_setpoints__functions.c.o[0m
[53.228s] [  5%] [32mBuilding C object CMakeFiles/as2_msgs__rosidl_generator_c.dir/rosidl_generator_c/as2_msgs/msg/detail/u_int16_multi_array_stamped__functions.c.o[0m
[53.446s] [  5%] [32mBuilding C object CMakeFiles/as2_msgs__rosidl_generator_c.dir/rosidl_generator_c/as2_msgs/msg/detail/yaw_mode__functions.c.o[0m
[53.680s] [  5%] [32mBuilding C object CMakeFiles/as2_msgs__rosidl_generator_c.dir/rosidl_generator_c/as2_msgs/srv/detail/add_static_transform__functions.c.o[0m
[54.039s] [  5%] [32mBuilding C object CMakeFiles/as2_msgs__rosidl_generator_c.dir/rosidl_generator_c/as2_msgs/srv/detail/add_static_transform_gps__functions.c.o[0m
[54.385s] [  5%] [32mBuilding C object CMakeFiles/as2_msgs__rosidl_generator_c.dir/rosidl_generator_c/as2_msgs/srv/detail/dynamic_follower__functions.c.o[0m
[54.711s] [  6%] [32mBuilding C object CMakeFiles/as2_msgs__rosidl_generator_c.dir/rosidl_generator_c/as2_msgs/srv/detail/dynamic_land__functions.c.o[0m
[55.058s] [  6%] [32mBuilding C object CMakeFiles/as2_msgs__rosidl_generator_c.dir/rosidl_generator_c/as2_msgs/srv/detail/geopath_to_path__functions.c.o[0m
[55.448s] [  6%] [32mBuilding C object CMakeFiles/as2_msgs__rosidl_generator_c.dir/rosidl_generator_c/as2_msgs/srv/detail/get_geozone__functions.c.o[0m
[55.832s] [  6%] [32mBuilding C object CMakeFiles/as2_msgs__rosidl_generator_c.dir/rosidl_generator_c/as2_msgs/srv/detail/get_origin__functions.c.o[0m
[56.176s] [  6%] [32mBuilding C object CMakeFiles/as2_msgs__rosidl_generator_c.dir/rosidl_generator_c/as2_msgs/srv/detail/list_control_modes__functions.c.o[0m
[56.536s] [  7%] [32mBuilding C object CMakeFiles/as2_msgs__rosidl_generator_c.dir/rosidl_generator_c/as2_msgs/srv/detail/modify_swarm__functions.c.o[0m
[56.907s] [  7%] [32mBuilding C object CMakeFiles/as2_msgs__rosidl_generator_c.dir/rosidl_generator_c/as2_msgs/srv/detail/package_pick_up__functions.c.o[0m
[57.231s] [  7%] [32mBuilding C object CMakeFiles/as2_msgs__rosidl_generator_c.dir/rosidl_generator_c/as2_msgs/srv/detail/package_un_pick__functions.c.o[0m
[57.639s] [  7%] [32mBuilding C object CMakeFiles/as2_msgs__rosidl_generator_c.dir/rosidl_generator_c/as2_msgs/srv/detail/path_to_geopath__functions.c.o[0m
[58.002s] [  8%] [32mBuilding C object CMakeFiles/as2_msgs__rosidl_generator_c.dir/rosidl_generator_c/as2_msgs/srv/detail/set_control_mode__functions.c.o[0m
[58.350s] [  8%] [32mBuilding C object CMakeFiles/as2_msgs__rosidl_generator_c.dir/rosidl_generator_c/as2_msgs/srv/detail/set_geozone__functions.c.o[0m
[58.695s] [  8%] [32mBuilding C object CMakeFiles/as2_msgs__rosidl_generator_c.dir/rosidl_generator_c/as2_msgs/srv/detail/set_origin__functions.c.o[0m
[58.991s] [  8%] [32mBuilding C object CMakeFiles/as2_msgs__rosidl_generator_c.dir/rosidl_generator_c/as2_msgs/srv/detail/set_platform_state_machine_event__functions.c.o[0m
[59.358s] [  8%] [32mBuilding C object CMakeFiles/as2_msgs__rosidl_generator_c.dir/rosidl_generator_c/as2_msgs/srv/detail/set_speed__functions.c.o[0m
[59.695s] [  9%] [32mBuilding C object CMakeFiles/as2_msgs__rosidl_generator_c.dir/rosidl_generator_c/as2_msgs/action/detail/detect_aruco_markers__functions.c.o[0m
[60.684s] [  9%] [32mBuilding C object CMakeFiles/as2_msgs__rosidl_generator_c.dir/rosidl_generator_c/as2_msgs/action/detail/follow_path__functions.c.o[0m
[61.766s] [  9%] [32mBuilding C object CMakeFiles/as2_msgs__rosidl_generator_c.dir/rosidl_generator_c/as2_msgs/action/detail/follow_reference__functions.c.o[0m
[62.787s] [  9%] [32mBuilding C object CMakeFiles/as2_msgs__rosidl_generator_c.dir/rosidl_generator_c/as2_msgs/action/detail/generate_polynomial_trajectory__functions.c.o[0m
[63.929s] [ 10%] [32mBuilding C object CMakeFiles/as2_msgs__rosidl_generator_c.dir/rosidl_generator_c/as2_msgs/action/detail/go_to_waypoint__functions.c.o[0m
[64.953s] [ 10%] [32mBuilding C object CMakeFiles/as2_msgs__rosidl_generator_c.dir/rosidl_generator_c/as2_msgs/action/detail/land__functions.c.o[0m
[65.953s] [ 10%] [32mBuilding C object CMakeFiles/as2_msgs__rosidl_generator_c.dir/rosidl_generator_c/as2_msgs/action/detail/navigate_to_point__functions.c.o[0m
[67.047s] [ 10%] [32mBuilding C object CMakeFiles/as2_msgs__rosidl_generator_c.dir/rosidl_generator_c/as2_msgs/action/detail/point_gimbal__functions.c.o[0m
[68.144s] [ 10%] [32mBuilding C object CMakeFiles/as2_msgs__rosidl_generator_c.dir/rosidl_generator_c/as2_msgs/action/detail/set_arming_state__functions.c.o[0m
[69.121s] [ 11%] [32mBuilding C object CMakeFiles/as2_msgs__rosidl_generator_c.dir/rosidl_generator_c/as2_msgs/action/detail/set_offboard_mode__functions.c.o[0m
[70.060s] [ 11%] [32mBuilding C object CMakeFiles/as2_msgs__rosidl_generator_c.dir/rosidl_generator_c/as2_msgs/action/detail/swarm_flocking__functions.c.o[0m
[71.083s] [ 11%] [32mBuilding C object CMakeFiles/as2_msgs__rosidl_generator_c.dir/rosidl_generator_c/as2_msgs/action/detail/takeoff__functions.c.o[0m
[72.089s] [ 11%] [32mBuilding C object CMakeFiles/as2_msgs__rosidl_generator_c.dir/rosidl_generator_c/as2_msgs/msg/detail/control_mode__functions.c.o[0m
[72.337s] [ 11%] [32mBuilding C object CMakeFiles/as2_msgs__rosidl_generator_c.dir/rosidl_generator_c/as2_msgs/msg/detail/behavior_status__functions.c.o[0m
[72.542s] [ 12%] [32mBuilding C object CMakeFiles/as2_msgs__rosidl_generator_c.dir/rosidl_generator_c/as2_msgs/msg/detail/alert_event__functions.c.o[0m
[72.817s] [ 12%] [32m[1mLinking C shared library libas2_msgs__rosidl_generator_c.so[0m
[72.975s] [ 12%] Built target as2_msgs__rosidl_generator_c
[73.004s] [ 12%] [34m[1mGenerating C++ introspection for ROS interfaces[0m
[93.919s] [ 13%] [32mBuilding CXX object CMakeFiles/as2_msgs__rosidl_typesupport_introspection_cpp.dir/rosidl_typesupport_introspection_cpp/as2_msgs/msg/detail/acro__type_support.cpp.o[0m
[95.070s] [ 13%] [32mBuilding CXX object CMakeFiles/as2_msgs__rosidl_typesupport_introspection_cpp.dir/rosidl_typesupport_introspection_cpp/as2_msgs/msg/detail/behavior_status__type_support.cpp.o[0m
[96.066s] [ 13%] [32mBuilding CXX object CMakeFiles/as2_msgs__rosidl_typesupport_introspection_cpp.dir/rosidl_typesupport_introspection_cpp/as2_msgs/msg/detail/control_mode__type_support.cpp.o[0m
[97.273s] [ 13%] [32mBuilding CXX object CMakeFiles/as2_msgs__rosidl_typesupport_introspection_cpp.dir/rosidl_typesupport_introspection_cpp/as2_msgs/msg/detail/controller_info__type_support.cpp.o[0m
[98.393s] [ 14%] [32mBuilding CXX object CMakeFiles/as2_msgs__rosidl_typesupport_introspection_cpp.dir/rosidl_typesupport_introspection_cpp/as2_msgs/msg/detail/follow_target_info__type_support.cpp.o[0m
[99.666s] [ 14%] [32mBuilding CXX object CMakeFiles/as2_msgs__rosidl_typesupport_introspection_cpp.dir/rosidl_typesupport_introspection_cpp/as2_msgs/msg/detail/geozone__type_support.cpp.o[0m
[100.701s] [ 14%] [32mBuilding CXX object CMakeFiles/as2_msgs__rosidl_typesupport_introspection_cpp.dir/rosidl_typesupport_introspection_cpp/as2_msgs/msg/detail/gimbal_control__type_support.cpp.o[0m
[101.894s] [ 14%] [32mBuilding CXX object CMakeFiles/as2_msgs__rosidl_typesupport_introspection_cpp.dir/rosidl_typesupport_introspection_cpp/as2_msgs/msg/detail/mission_event__type_support.cpp.o[0m
[103.212s] [ 15%] [32mBuilding CXX object CMakeFiles/as2_msgs__rosidl_typesupport_introspection_cpp.dir/rosidl_typesupport_introspection_cpp/as2_msgs/msg/detail/mission_update__type_support.cpp.o[0m
[104.288s] [ 15%] [32mBuilding CXX object CMakeFiles/as2_msgs__rosidl_typesupport_introspection_cpp.dir/rosidl_typesupport_introspection_cpp/as2_msgs/msg/detail/node_status__type_support.cpp.o[0m
[105.392s] [ 15%] [32mBuilding CXX object CMakeFiles/as2_msgs__rosidl_typesupport_introspection_cpp.dir/rosidl_typesupport_introspection_cpp/as2_msgs/msg/detail/platform_info__type_support.cpp.o[0m
[106.610s] [ 15%] [32mBuilding CXX object CMakeFiles/as2_msgs__rosidl_typesupport_introspection_cpp.dir/rosidl_typesupport_introspection_cpp/as2_msgs/msg/detail/platform_state_machine_event__type_support.cpp.o[0m
[107.662s] [ 15%] [32mBuilding CXX object CMakeFiles/as2_msgs__rosidl_typesupport_introspection_cpp.dir/rosidl_typesupport_introspection_cpp/as2_msgs/msg/detail/platform_status__type_support.cpp.o[0m
[108.655s] [ 16%] [32mBuilding CXX object CMakeFiles/as2_msgs__rosidl_typesupport_introspection_cpp.dir/rosidl_typesupport_introspection_cpp/as2_msgs/msg/detail/polygon_list__type_support.cpp.o[0m
[109.926s] [ 16%] [32mBuilding CXX object CMakeFiles/as2_msgs__rosidl_typesupport_introspection_cpp.dir/rosidl_typesupport_introspection_cpp/as2_msgs/msg/detail/pose_stamped_with_id__type_support.cpp.o[0m
[110.873s] [ 16%] [32mBuilding CXX object CMakeFiles/as2_msgs__rosidl_typesupport_introspection_cpp.dir/rosidl_typesupport_introspection_cpp/as2_msgs/msg/detail/pose_stamped_with_id_array__type_support.cpp.o[0m
[112.038s] [ 16%] [32mBuilding CXX object CMakeFiles/as2_msgs__rosidl_typesupport_introspection_cpp.dir/rosidl_typesupport_introspection_cpp/as2_msgs/msg/detail/pose_with_id__type_support.cpp.o[0m
[113.066s] [ 17%] [32mBuilding CXX object CMakeFiles/as2_msgs__rosidl_typesupport_introspection_cpp.dir/rosidl_typesupport_introspection_cpp/as2_msgs/msg/detail/pose_with_id_array__type_support.cpp.o[0m
[113.954s] [ 17%] [32mBuilding CXX object CMakeFiles/as2_msgs__rosidl_typesupport_introspection_cpp.dir/rosidl_typesupport_introspection_cpp/as2_msgs/msg/detail/speed__type_support.cpp.o[0m
[114.830s] [ 17%] [32mBuilding CXX object CMakeFiles/as2_msgs__rosidl_typesupport_introspection_cpp.dir/rosidl_typesupport_introspection_cpp/as2_msgs/msg/detail/thrust__type_support.cpp.o[0m
[115.845s] [ 17%] [32mBuilding CXX object CMakeFiles/as2_msgs__rosidl_typesupport_introspection_cpp.dir/rosidl_typesupport_introspection_cpp/as2_msgs/msg/detail/traj_gen_info__type_support.cpp.o[0m
[116.693s] [ 17%] [32mBuilding CXX object CMakeFiles/as2_msgs__rosidl_typesupport_introspection_cpp.dir/rosidl_typesupport_introspection_cpp/as2_msgs/msg/detail/trajectory_point__type_support.cpp.o[0m
[117.737s] [ 18%] [32mBuilding CXX object CMakeFiles/as2_msgs__rosidl_typesupport_introspection_cpp.dir/rosidl_typesupport_introspection_cpp/as2_msgs/msg/detail/trajectory_setpoints__type_support.cpp.o[0m
[118.975s] [ 18%] [32mBuilding CXX object CMakeFiles/as2_msgs__rosidl_typesupport_introspection_cpp.dir/rosidl_typesupport_introspection_cpp/as2_msgs/msg/detail/u_int16_multi_array_stamped__type_support.cpp.o[0m
[120.541s] [ 18%] [32mBuilding CXX object CMakeFiles/as2_msgs__rosidl_typesupport_introspection_cpp.dir/rosidl_typesupport_introspection_cpp/as2_msgs/msg/detail/yaw_mode__type_support.cpp.o[0m
[121.989s] [ 18%] [32mBuilding CXX object CMakeFiles/as2_msgs__rosidl_typesupport_introspection_cpp.dir/rosidl_typesupport_introspection_cpp/as2_msgs/srv/detail/add_static_transform__type_support.cpp.o[0m
[123.182s] [ 18%] [32mBuilding CXX object CMakeFiles/as2_msgs__rosidl_typesupport_introspection_cpp.dir/rosidl_typesupport_introspection_cpp/as2_msgs/srv/detail/add_static_transform_gps__type_support.cpp.o[0m
[124.395s] [ 19%] [32mBuilding CXX object CMakeFiles/as2_msgs__rosidl_typesupport_introspection_cpp.dir/rosidl_typesupport_introspection_cpp/as2_msgs/srv/detail/dynamic_follower__type_support.cpp.o[0m
[125.380s] [ 19%] [32mBuilding CXX object CMakeFiles/as2_msgs__rosidl_typesupport_introspection_cpp.dir/rosidl_typesupport_introspection_cpp/as2_msgs/srv/detail/dynamic_land__type_support.cpp.o[0m
[126.440s] [ 19%] [32mBuilding CXX object CMakeFiles/as2_msgs__rosidl_typesupport_introspection_cpp.dir/rosidl_typesupport_introspection_cpp/as2_msgs/srv/detail/geopath_to_path__type_support.cpp.o[0m
[127.733s] [ 19%] [32mBuilding CXX object CMakeFiles/as2_msgs__rosidl_typesupport_introspection_cpp.dir/rosidl_typesupport_introspection_cpp/as2_msgs/srv/detail/get_geozone__type_support.cpp.o[0m
[129.560s] [ 20%] [32mBuilding CXX object CMakeFiles/as2_msgs__rosidl_typesupport_introspection_cpp.dir/rosidl_typesupport_introspection_cpp/as2_msgs/srv/detail/get_origin__type_support.cpp.o[0m
[130.755s] [ 20%] [32mBuilding CXX object CMakeFiles/as2_msgs__rosidl_typesupport_introspection_cpp.dir/rosidl_typesupport_introspection_cpp/as2_msgs/srv/detail/list_control_modes__type_support.cpp.o[0m
[131.936s] [ 20%] [32mBuilding CXX object CMakeFiles/as2_msgs__rosidl_typesupport_introspection_cpp.dir/rosidl_typesupport_introspection_cpp/as2_msgs/srv/detail/modify_swarm__type_support.cpp.o[0m
[133.306s] [ 20%] [32mBuilding CXX object CMakeFiles/as2_msgs__rosidl_typesupport_introspection_cpp.dir/rosidl_typesupport_introspection_cpp/as2_msgs/srv/detail/package_pick_up__type_support.cpp.o[0m
[134.256s] [ 20%] [32mBuilding CXX object CMakeFiles/as2_msgs__rosidl_typesupport_introspection_cpp.dir/rosidl_typesupport_introspection_cpp/as2_msgs/srv/detail/package_un_pick__type_support.cpp.o[0m
[135.337s] [ 21%] [32mBuilding CXX object CMakeFiles/as2_msgs__rosidl_typesupport_introspection_cpp.dir/rosidl_typesupport_introspection_cpp/as2_msgs/srv/detail/path_to_geopath__type_support.cpp.o[0m
[136.353s] [ 21%] [32mBuilding CXX object CMakeFiles/as2_msgs__rosidl_typesupport_introspection_cpp.dir/rosidl_typesupport_introspection_cpp/as2_msgs/srv/detail/set_control_mode__type_support.cpp.o[0m
[137.381s] [ 21%] [32mBuilding CXX object CMakeFiles/as2_msgs__rosidl_typesupport_introspection_cpp.dir/rosidl_typesupport_introspection_cpp/as2_msgs/srv/detail/set_geozone__type_support.cpp.o[0m
[138.483s] [ 21%] [32mBuilding CXX object CMakeFiles/as2_msgs__rosidl_typesupport_introspection_cpp.dir/rosidl_typesupport_introspection_cpp/as2_msgs/srv/detail/set_origin__type_support.cpp.o[0m
[139.538s] [ 21%] [32mBuilding CXX object CMakeFiles/as2_msgs__rosidl_typesupport_introspection_cpp.dir/rosidl_typesupport_introspection_cpp/as2_msgs/srv/detail/set_platform_state_machine_event__type_support.cpp.o[0m
[140.593s] [ 22%] [32mBuilding CXX object CMakeFiles/as2_msgs__rosidl_typesupport_introspection_cpp.dir/rosidl_typesupport_introspection_cpp/as2_msgs/srv/detail/set_speed__type_support.cpp.o[0m
[141.722s] [ 22%] [32mBuilding CXX object CMakeFiles/as2_msgs__rosidl_typesupport_introspection_cpp.dir/rosidl_typesupport_introspection_cpp/as2_msgs/action/detail/detect_aruco_markers__type_support.cpp.o[0m
[143.089s] [ 22%] [32mBuilding CXX object CMakeFiles/as2_msgs__rosidl_typesupport_introspection_cpp.dir/rosidl_typesupport_introspection_cpp/as2_msgs/action/detail/follow_path__type_support.cpp.o[0m
[144.790s] [ 22%] [32mBuilding CXX object CMakeFiles/as2_msgs__rosidl_typesupport_introspection_cpp.dir/rosidl_typesupport_introspection_cpp/as2_msgs/action/detail/follow_reference__type_support.cpp.o[0m
[146.401s] [ 23%] [32mBuilding CXX object CMakeFiles/as2_msgs__rosidl_typesupport_introspection_cpp.dir/rosidl_typesupport_introspection_cpp/as2_msgs/action/detail/generate_polynomial_trajectory__type_support.cpp.o[0m
[148.145s] [ 23%] [32mBuilding CXX object CMakeFiles/as2_msgs__rosidl_typesupport_introspection_cpp.dir/rosidl_typesupport_introspection_cpp/as2_msgs/action/detail/go_to_waypoint__type_support.cpp.o[0m
[149.710s] [ 23%] [32mBuilding CXX object CMakeFiles/as2_msgs__rosidl_typesupport_introspection_cpp.dir/rosidl_typesupport_introspection_cpp/as2_msgs/action/detail/land__type_support.cpp.o[0m
[151.232s] [ 23%] [32mBuilding CXX object CMakeFiles/as2_msgs__rosidl_typesupport_introspection_cpp.dir/rosidl_typesupport_introspection_cpp/as2_msgs/action/detail/navigate_to_point__type_support.cpp.o[0m
[152.875s] [ 23%] [32mBuilding CXX object CMakeFiles/as2_msgs__rosidl_typesupport_introspection_cpp.dir/rosidl_typesupport_introspection_cpp/as2_msgs/action/detail/point_gimbal__type_support.cpp.o[0m
[154.060s] [ 24%] [32mBuilding CXX object CMakeFiles/as2_msgs__rosidl_typesupport_introspection_cpp.dir/rosidl_typesupport_introspection_cpp/as2_msgs/action/detail/set_arming_state__type_support.cpp.o[0m
[155.533s] [ 24%] [32mBuilding CXX object CMakeFiles/as2_msgs__rosidl_typesupport_introspection_cpp.dir/rosidl_typesupport_introspection_cpp/as2_msgs/action/detail/set_offboard_mode__type_support.cpp.o[0m
[156.990s] [ 24%] [32mBuilding CXX object CMakeFiles/as2_msgs__rosidl_typesupport_introspection_cpp.dir/rosidl_typesupport_introspection_cpp/as2_msgs/action/detail/swarm_flocking__type_support.cpp.o[0m
[158.818s] [ 24%] [32mBuilding CXX object CMakeFiles/as2_msgs__rosidl_typesupport_introspection_cpp.dir/rosidl_typesupport_introspection_cpp/as2_msgs/action/detail/takeoff__type_support.cpp.o[0m
[160.245s] [ 24%] [32mBuilding CXX object CMakeFiles/as2_msgs__rosidl_typesupport_introspection_cpp.dir/rosidl_typesupport_introspection_cpp/as2_msgs/msg/detail/alert_event__type_support.cpp.o[0m
[161.127s] [ 25%] [32m[1mLinking CXX shared library libas2_msgs__rosidl_typesupport_introspection_cpp.so[0m
[161.322s] [ 25%] Built target as2_msgs__rosidl_typesupport_introspection_cpp
[161.345s] [ 26%] [34m[1mGenerating C type support dispatch for ROS interfaces[0m
[161.347s] [ 27%] [34m[1mGenerating C introspection for ROS interfaces[0m
[178.746s] [ 27%] [32mBuilding CXX object CMakeFiles/as2_msgs__rosidl_typesupport_c.dir/rosidl_typesupport_c/as2_msgs/msg/acro__type_support.cpp.o[0m
[178.985s] [ 27%] [32mBuilding CXX object CMakeFiles/as2_msgs__rosidl_typesupport_c.dir/rosidl_typesupport_c/as2_msgs/msg/control_mode__type_support.cpp.o[0m
[179.193s] [ 28%] [32mBuilding CXX object CMakeFiles/as2_msgs__rosidl_typesupport_c.dir/rosidl_typesupport_c/as2_msgs/msg/controller_info__type_support.cpp.o[0m
[179.419s] [ 28%] [32mBuilding CXX object CMakeFiles/as2_msgs__rosidl_typesupport_c.dir/rosidl_typesupport_c/as2_msgs/msg/follow_target_info__type_support.cpp.o[0m
[179.630s] [ 28%] [32mBuilding CXX object CMakeFiles/as2_msgs__rosidl_typesupport_c.dir/rosidl_typesupport_c/as2_msgs/msg/geozone__type_support.cpp.o[0m
[179.846s] [ 28%] [32mBuilding CXX object CMakeFiles/as2_msgs__rosidl_typesupport_c.dir/rosidl_typesupport_c/as2_msgs/msg/gimbal_control__type_support.cpp.o[0m
[180.077s] [ 28%] [32mBuilding CXX object CMakeFiles/as2_msgs__rosidl_typesupport_c.dir/rosidl_typesupport_c/as2_msgs/msg/mission_event__type_support.cpp.o[0m
[180.295s] [ 29%] [32mBuilding CXX object CMakeFiles/as2_msgs__rosidl_typesupport_c.dir/rosidl_typesupport_c/as2_msgs/msg/mission_update__type_support.cpp.o[0m
[180.494s] [ 29%] [32mBuilding CXX object CMakeFiles/as2_msgs__rosidl_typesupport_c.dir/rosidl_typesupport_c/as2_msgs/msg/node_status__type_support.cpp.o[0m
[180.725s] [ 29%] [32mBuilding CXX object CMakeFiles/as2_msgs__rosidl_typesupport_c.dir/rosidl_typesupport_c/as2_msgs/msg/platform_info__type_support.cpp.o[0m
[180.941s] [ 29%] [32mBuilding CXX object CMakeFiles/as2_msgs__rosidl_typesupport_c.dir/rosidl_typesupport_c/as2_msgs/msg/platform_state_machine_event__type_support.cpp.o[0m
[181.150s] [ 30%] [32mBuilding CXX object CMakeFiles/as2_msgs__rosidl_typesupport_c.dir/rosidl_typesupport_c/as2_msgs/msg/platform_status__type_support.cpp.o[0m
[181.361s] [ 30%] [32mBuilding CXX object CMakeFiles/as2_msgs__rosidl_typesupport_c.dir/rosidl_typesupport_c/as2_msgs/msg/polygon_list__type_support.cpp.o[0m
[181.605s] [ 30%] [32mBuilding CXX object CMakeFiles/as2_msgs__rosidl_typesupport_c.dir/rosidl_typesupport_c/as2_msgs/msg/pose_stamped_with_id__type_support.cpp.o[0m
[181.828s] [ 30%] [32mBuilding CXX object CMakeFiles/as2_msgs__rosidl_typesupport_c.dir/rosidl_typesupport_c/as2_msgs/msg/pose_stamped_with_id_array__type_support.cpp.o[0m
[182.069s] [ 30%] [32mBuilding CXX object CMakeFiles/as2_msgs__rosidl_typesupport_c.dir/rosidl_typesupport_c/as2_msgs/msg/pose_with_id__type_support.cpp.o[0m
[182.298s] [ 31%] [32mBuilding CXX object CMakeFiles/as2_msgs__rosidl_typesupport_c.dir/rosidl_typesupport_c/as2_msgs/msg/pose_with_id_array__type_support.cpp.o[0m
[182.514s] [ 31%] [32mBuilding CXX object CMakeFiles/as2_msgs__rosidl_typesupport_c.dir/rosidl_typesupport_c/as2_msgs/msg/speed__type_support.cpp.o[0m
[182.725s] [ 31%] [32mBuilding CXX object CMakeFiles/as2_msgs__rosidl_typesupport_c.dir/rosidl_typesupport_c/as2_msgs/msg/thrust__type_support.cpp.o[0m
[182.906s] [ 31%] [32mBuilding CXX object CMakeFiles/as2_msgs__rosidl_typesupport_c.dir/rosidl_typesupport_c/as2_msgs/msg/traj_gen_info__type_support.cpp.o[0m
[183.094s] [ 32%] [32mBuilding CXX object CMakeFiles/as2_msgs__rosidl_typesupport_c.dir/rosidl_typesupport_c/as2_msgs/msg/trajectory_point__type_support.cpp.o[0m
[183.226s] [ 32%] [32mBuilding CXX object CMakeFiles/as2_msgs__rosidl_typesupport_c.dir/rosidl_typesupport_c/as2_msgs/msg/trajectory_setpoints__type_support.cpp.o[0m
[183.311s] [ 32%] [32mBuilding CXX object CMakeFiles/as2_msgs__rosidl_typesupport_c.dir/rosidl_typesupport_c/as2_msgs/msg/u_int16_multi_array_stamped__type_support.cpp.o[0m
[183.448s] [ 32%] [32mBuilding CXX object CMakeFiles/as2_msgs__rosidl_typesupport_c.dir/rosidl_typesupport_c/as2_msgs/msg/yaw_mode__type_support.cpp.o[0m
[183.634s] [ 32%] [32mBuilding CXX object CMakeFiles/as2_msgs__rosidl_typesupport_c.dir/rosidl_typesupport_c/as2_msgs/srv/add_static_transform__type_support.cpp.o[0m
[183.754s] [ 33%] [32mBuilding CXX object CMakeFiles/as2_msgs__rosidl_typesupport_c.dir/rosidl_typesupport_c/as2_msgs/srv/add_static_transform_gps__type_support.cpp.o[0m
[183.870s] [ 33%] [32mBuilding CXX object CMakeFiles/as2_msgs__rosidl_typesupport_c.dir/rosidl_typesupport_c/as2_msgs/srv/dynamic_follower__type_support.cpp.o[0m
[183.992s] [ 33%] [32mBuilding CXX object CMakeFiles/as2_msgs__rosidl_typesupport_c.dir/rosidl_typesupport_c/as2_msgs/srv/dynamic_land__type_support.cpp.o[0m
[184.090s] [ 33%] [32mBuilding CXX object CMakeFiles/as2_msgs__rosidl_typesupport_c.dir/rosidl_typesupport_c/as2_msgs/srv/geopath_to_path__type_support.cpp.o[0m
[184.234s] [ 33%] [32mBuilding CXX object CMakeFiles/as2_msgs__rosidl_typesupport_c.dir/rosidl_typesupport_c/as2_msgs/srv/get_geozone__type_support.cpp.o[0m
[184.404s] [ 34%] [32mBuilding CXX object CMakeFiles/as2_msgs__rosidl_typesupport_c.dir/rosidl_typesupport_c/as2_msgs/srv/get_origin__type_support.cpp.o[0m
[184.497s] [ 34%] [32mBuilding CXX object CMakeFiles/as2_msgs__rosidl_typesupport_c.dir/rosidl_typesupport_c/as2_msgs/srv/list_control_modes__type_support.cpp.o[0m
[184.578s] [ 34%] [32mBuilding CXX object CMakeFiles/as2_msgs__rosidl_typesupport_c.dir/rosidl_typesupport_c/as2_msgs/srv/modify_swarm__type_support.cpp.o[0m
[184.659s] [ 34%] [32mBuilding CXX object CMakeFiles/as2_msgs__rosidl_typesupport_c.dir/rosidl_typesupport_c/as2_msgs/srv/package_pick_up__type_support.cpp.o[0m
[184.738s] [ 35%] [32mBuilding CXX object CMakeFiles/as2_msgs__rosidl_typesupport_c.dir/rosidl_typesupport_c/as2_msgs/srv/package_un_pick__type_support.cpp.o[0m
[184.858s] [ 35%] [32mBuilding CXX object CMakeFiles/as2_msgs__rosidl_typesupport_c.dir/rosidl_typesupport_c/as2_msgs/srv/path_to_geopath__type_support.cpp.o[0m
[185.045s] [ 35%] [32mBuilding CXX object CMakeFiles/as2_msgs__rosidl_typesupport_c.dir/rosidl_typesupport_c/as2_msgs/srv/set_control_mode__type_support.cpp.o[0m
[185.154s] [ 35%] [32mBuilding CXX object CMakeFiles/as2_msgs__rosidl_typesupport_c.dir/rosidl_typesupport_c/as2_msgs/srv/set_geozone__type_support.cpp.o[0m
[185.233s] [ 35%] [32mBuilding CXX object CMakeFiles/as2_msgs__rosidl_typesupport_c.dir/rosidl_typesupport_c/as2_msgs/srv/set_origin__type_support.cpp.o[0m
[185.442s] [ 36%] [32mBuilding CXX object CMakeFiles/as2_msgs__rosidl_typesupport_c.dir/rosidl_typesupport_c/as2_msgs/srv/set_platform_state_machine_event__type_support.cpp.o[0m
[185.548s] [ 36%] [32mBuilding CXX object CMakeFiles/as2_msgs__rosidl_typesupport_c.dir/rosidl_typesupport_c/as2_msgs/srv/set_speed__type_support.cpp.o[0m
[185.657s] [ 36%] [32mBuilding CXX object CMakeFiles/as2_msgs__rosidl_typesupport_c.dir/rosidl_typesupport_c/as2_msgs/action/detect_aruco_markers__type_support.cpp.o[0m
[185.842s] [ 36%] [32mBuilding C object CMakeFiles/as2_msgs__rosidl_typesupport_introspection_c.dir/rosidl_typesupport_introspection_c/as2_msgs/msg/detail/acro__type_support.c.o[0m
[185.881s] [ 36%] [32mBuilding CXX object CMakeFiles/as2_msgs__rosidl_typesupport_c.dir/rosidl_typesupport_c/as2_msgs/action/follow_path__type_support.cpp.o[0m
[185.994s] [ 36%] [32mBuilding C object CMakeFiles/as2_msgs__rosidl_typesupport_introspection_c.dir/rosidl_typesupport_introspection_c/as2_msgs/msg/detail/alert_event__type_support.c.o[0m
[186.082s] [ 36%] [32mBuilding CXX object CMakeFiles/as2_msgs__rosidl_typesupport_c.dir/rosidl_typesupport_c/as2_msgs/action/follow_reference__type_support.cpp.o[0m
[186.137s] [ 36%] [32mBuilding C object CMakeFiles/as2_msgs__rosidl_typesupport_introspection_c.dir/rosidl_typesupport_introspection_c/as2_msgs/msg/detail/behavior_status__type_support.c.o[0m
[186.278s] [ 37%] [32mBuilding C object CMakeFiles/as2_msgs__rosidl_typesupport_introspection_c.dir/rosidl_typesupport_introspection_c/as2_msgs/msg/detail/control_mode__type_support.c.o[0m
[186.337s] [ 38%] [32mBuilding CXX object CMakeFiles/as2_msgs__rosidl_typesupport_c.dir/rosidl_typesupport_c/as2_msgs/action/generate_polynomial_trajectory__type_support.cpp.o[0m
[186.373s] [ 38%] [32mBuilding C object CMakeFiles/as2_msgs__rosidl_typesupport_introspection_c.dir/rosidl_typesupport_introspection_c/as2_msgs/msg/detail/controller_info__type_support.c.o[0m
[186.525s] [ 38%] [32mBuilding C object CMakeFiles/as2_msgs__rosidl_typesupport_introspection_c.dir/rosidl_typesupport_introspection_c/as2_msgs/msg/detail/follow_target_info__type_support.c.o[0m
[186.581s] [ 38%] [32mBuilding CXX object CMakeFiles/as2_msgs__rosidl_typesupport_c.dir/rosidl_typesupport_c/as2_msgs/action/go_to_waypoint__type_support.cpp.o[0m
[186.641s] [ 38%] [32mBuilding C object CMakeFiles/as2_msgs__rosidl_typesupport_introspection_c.dir/rosidl_typesupport_introspection_c/as2_msgs/msg/detail/geozone__type_support.c.o[0m
[186.817s] [ 38%] [32mBuilding CXX object CMakeFiles/as2_msgs__rosidl_typesupport_c.dir/rosidl_typesupport_c/as2_msgs/action/land__type_support.cpp.o[0m
[186.885s] [ 38%] [32mBuilding C object CMakeFiles/as2_msgs__rosidl_typesupport_introspection_c.dir/rosidl_typesupport_introspection_c/as2_msgs/msg/detail/gimbal_control__type_support.c.o[0m
[187.038s] [ 38%] [32mBuilding CXX object CMakeFiles/as2_msgs__rosidl_typesupport_c.dir/rosidl_typesupport_c/as2_msgs/action/navigate_to_point__type_support.cpp.o[0m
[187.063s] [ 39%] [32mBuilding C object CMakeFiles/as2_msgs__rosidl_typesupport_introspection_c.dir/rosidl_typesupport_introspection_c/as2_msgs/msg/detail/mission_event__type_support.c.o[0m
[187.160s] [ 39%] [32mBuilding C object CMakeFiles/as2_msgs__rosidl_typesupport_introspection_c.dir/rosidl_typesupport_introspection_c/as2_msgs/msg/detail/mission_update__type_support.c.o[0m
[187.257s] [ 40%] [32mBuilding CXX object CMakeFiles/as2_msgs__rosidl_typesupport_c.dir/rosidl_typesupport_c/as2_msgs/action/point_gimbal__type_support.cpp.o[0m
[187.305s] [ 40%] [32mBuilding C object CMakeFiles/as2_msgs__rosidl_typesupport_introspection_c.dir/rosidl_typesupport_introspection_c/as2_msgs/msg/detail/node_status__type_support.c.o[0m
[187.481s] [ 40%] [32mBuilding CXX object CMakeFiles/as2_msgs__rosidl_typesupport_c.dir/rosidl_typesupport_c/as2_msgs/action/set_arming_state__type_support.cpp.o[0m
[187.513s] [ 40%] [32mBuilding C object CMakeFiles/as2_msgs__rosidl_typesupport_introspection_c.dir/rosidl_typesupport_introspection_c/as2_msgs/msg/detail/platform_info__type_support.c.o[0m
[187.710s] [ 40%] [32mBuilding CXX object CMakeFiles/as2_msgs__rosidl_typesupport_c.dir/rosidl_typesupport_c/as2_msgs/action/set_offboard_mode__type_support.cpp.o[0m
[187.737s] [ 40%] [32mBuilding C object CMakeFiles/as2_msgs__rosidl_typesupport_introspection_c.dir/rosidl_typesupport_introspection_c/as2_msgs/msg/detail/platform_state_machine_event__type_support.c.o[0m
[187.902s] [ 41%] [32mBuilding C object CMakeFiles/as2_msgs__rosidl_typesupport_introspection_c.dir/rosidl_typesupport_introspection_c/as2_msgs/msg/detail/platform_status__type_support.c.o[0m
[187.912s] [ 41%] [32mBuilding CXX object CMakeFiles/as2_msgs__rosidl_typesupport_c.dir/rosidl_typesupport_c/as2_msgs/action/swarm_flocking__type_support.cpp.o[0m
[187.994s] [ 41%] [32mBuilding C object CMakeFiles/as2_msgs__rosidl_typesupport_introspection_c.dir/rosidl_typesupport_introspection_c/as2_msgs/msg/detail/polygon_list__type_support.c.o[0m
[188.103s] [ 41%] [32mBuilding C object CMakeFiles/as2_msgs__rosidl_typesupport_introspection_c.dir/rosidl_typesupport_introspection_c/as2_msgs/msg/detail/pose_stamped_with_id__type_support.c.o[0m
[188.103s] [ 41%] [32mBuilding CXX object CMakeFiles/as2_msgs__rosidl_typesupport_c.dir/rosidl_typesupport_c/as2_msgs/action/takeoff__type_support.cpp.o[0m
[188.197s] [ 41%] [32mBuilding C object CMakeFiles/as2_msgs__rosidl_typesupport_introspection_c.dir/rosidl_typesupport_introspection_c/as2_msgs/msg/detail/pose_stamped_with_id_array__type_support.c.o[0m
[188.242s] [ 41%] [32mBuilding CXX object CMakeFiles/as2_msgs__rosidl_typesupport_c.dir/rosidl_typesupport_c/as2_msgs/msg/behavior_status__type_support.cpp.o[0m
[188.309s] [ 41%] [32mBuilding C object CMakeFiles/as2_msgs__rosidl_typesupport_introspection_c.dir/rosidl_typesupport_introspection_c/as2_msgs/msg/detail/pose_with_id_array__type_support.c.o[0m
[188.309s] [ 41%] [32mBuilding CXX object CMakeFiles/as2_msgs__rosidl_typesupport_c.dir/rosidl_typesupport_c/as2_msgs/msg/alert_event__type_support.cpp.o[0m
[188.381s] [ 42%] [32m[1mLinking CXX shared library libas2_msgs__rosidl_typesupport_c.so[0m
[188.420s] [ 42%] [32mBuilding C object CMakeFiles/as2_msgs__rosidl_typesupport_introspection_c.dir/rosidl_typesupport_introspection_c/as2_msgs/msg/detail/thrust__type_support.c.o[0m
[188.510s] [ 42%] Built target as2_msgs__rosidl_typesupport_c
[188.517s] [ 42%] [32mBuilding C object CMakeFiles/as2_msgs__rosidl_typesupport_introspection_c.dir/rosidl_typesupport_introspection_c/as2_msgs/msg/detail/traj_gen_info__type_support.c.o[0m
[188.610s] [ 42%] [32mBuilding C object CMakeFiles/as2_msgs__rosidl_typesupport_introspection_c.dir/rosidl_typesupport_introspection_c/as2_msgs/msg/detail/trajectory_setpoints__type_support.c.o[0m
[188.720s] [ 42%] [32mBuilding C object CMakeFiles/as2_msgs__rosidl_typesupport_introspection_c.dir/rosidl_typesupport_introspection_c/as2_msgs/msg/detail/u_int16_multi_array_stamped__type_support.c.o[0m
[188.831s] [ 42%] [32mBuilding C object CMakeFiles/as2_msgs__rosidl_typesupport_introspection_c.dir/rosidl_typesupport_introspection_c/as2_msgs/msg/detail/yaw_mode__type_support.c.o[0m
[188.919s] [ 42%] [32mBuilding C object CMakeFiles/as2_msgs__rosidl_typesupport_introspection_c.dir/rosidl_typesupport_introspection_c/as2_msgs/srv/detail/add_static_transform__type_support.c.o[0m
[189.026s] [ 43%] [32mBuilding C object CMakeFiles/as2_msgs__rosidl_typesupport_introspection_c.dir/rosidl_typesupport_introspection_c/as2_msgs/srv/detail/add_static_transform_gps__type_support.c.o[0m
[189.137s] [ 43%] [32mBuilding C object CMakeFiles/as2_msgs__rosidl_typesupport_introspection_c.dir/rosidl_typesupport_introspection_c/as2_msgs/srv/detail/dynamic_follower__type_support.c.o[0m
[189.247s] [ 43%] [32mBuilding C object CMakeFiles/as2_msgs__rosidl_typesupport_introspection_c.dir/rosidl_typesupport_introspection_c/as2_msgs/srv/detail/dynamic_land__type_support.c.o[0m
[189.367s] [ 43%] [32mBuilding C object CMakeFiles/as2_msgs__rosidl_typesupport_introspection_c.dir/rosidl_typesupport_introspection_c/as2_msgs/srv/detail/geopath_to_path__type_support.c.o[0m
[189.494s] [ 44%] [32mBuilding C object CMakeFiles/as2_msgs__rosidl_typesupport_introspection_c.dir/rosidl_typesupport_introspection_c/as2_msgs/srv/detail/get_geozone__type_support.c.o[0m
[189.676s] [ 44%] [32mBuilding C object CMakeFiles/as2_msgs__rosidl_typesupport_introspection_c.dir/rosidl_typesupport_introspection_c/as2_msgs/srv/detail/get_origin__type_support.c.o[0m
[189.784s] [ 44%] [32mBuilding C object CMakeFiles/as2_msgs__rosidl_typesupport_introspection_c.dir/rosidl_typesupport_introspection_c/as2_msgs/srv/detail/list_control_modes__type_support.c.o[0m
[189.899s] [ 44%] [32mBuilding C object CMakeFiles/as2_msgs__rosidl_typesupport_introspection_c.dir/rosidl_typesupport_introspection_c/as2_msgs/srv/detail/modify_swarm__type_support.c.o[0m
[190.024s] [ 44%] [32mBuilding C object CMakeFiles/as2_msgs__rosidl_typesupport_introspection_c.dir/rosidl_typesupport_introspection_c/as2_msgs/srv/detail/package_pick_up__type_support.c.o[0m
[190.132s] [ 45%] [32mBuilding C object CMakeFiles/as2_msgs__rosidl_typesupport_introspection_c.dir/rosidl_typesupport_introspection_c/as2_msgs/srv/detail/package_un_pick__type_support.c.o[0m
[190.235s] [ 45%] [32mBuilding C object CMakeFiles/as2_msgs__rosidl_typesupport_introspection_c.dir/rosidl_typesupport_introspection_c/as2_msgs/srv/detail/path_to_geopath__type_support.c.o[0m
[190.348s] [ 45%] [32mBuilding C object CMakeFiles/as2_msgs__rosidl_typesupport_introspection_c.dir/rosidl_typesupport_introspection_c/as2_msgs/srv/detail/set_control_mode__type_support.c.o[0m
[190.452s] [ 45%] [32mBuilding C object CMakeFiles/as2_msgs__rosidl_typesupport_introspection_c.dir/rosidl_typesupport_introspection_c/as2_msgs/srv/detail/set_geozone__type_support.c.o[0m
[190.557s] [ 46%] [32mBuilding C object CMakeFiles/as2_msgs__rosidl_typesupport_introspection_c.dir/rosidl_typesupport_introspection_c/as2_msgs/srv/detail/set_origin__type_support.c.o[0m
[190.660s] [ 46%] [32mBuilding C object CMakeFiles/as2_msgs__rosidl_typesupport_introspection_c.dir/rosidl_typesupport_introspection_c/as2_msgs/srv/detail/set_platform_state_machine_event__type_support.c.o[0m
[190.763s] [ 46%] [32mBuilding C object CMakeFiles/as2_msgs__rosidl_typesupport_introspection_c.dir/rosidl_typesupport_introspection_c/as2_msgs/srv/detail/set_speed__type_support.c.o[0m
[190.867s] [ 46%] [32mBuilding C object CMakeFiles/as2_msgs__rosidl_typesupport_introspection_c.dir/rosidl_typesupport_introspection_c/as2_msgs/action/detail/detect_aruco_markers__type_support.c.o[0m
[191.096s] [ 46%] [32mBuilding C object CMakeFiles/as2_msgs__rosidl_typesupport_introspection_c.dir/rosidl_typesupport_introspection_c/as2_msgs/action/detail/follow_path__type_support.c.o[0m
[191.317s] [ 47%] [32mBuilding C object CMakeFiles/as2_msgs__rosidl_typesupport_introspection_c.dir/rosidl_typesupport_introspection_c/as2_msgs/action/detail/follow_reference__type_support.c.o[0m
[191.485s] [ 47%] [32mBuilding C object CMakeFiles/as2_msgs__rosidl_typesupport_introspection_c.dir/rosidl_typesupport_introspection_c/as2_msgs/action/detail/generate_polynomial_trajectory__type_support.c.o[0m
[191.681s] [ 47%] [32mBuilding C object CMakeFiles/as2_msgs__rosidl_typesupport_introspection_c.dir/rosidl_typesupport_introspection_c/as2_msgs/action/detail/go_to_waypoint__type_support.c.o[0m
[191.870s] [ 47%] [32mBuilding C object CMakeFiles/as2_msgs__rosidl_typesupport_introspection_c.dir/rosidl_typesupport_introspection_c/as2_msgs/action/detail/land__type_support.c.o[0m
[192.034s] [ 47%] [32mBuilding C object CMakeFiles/as2_msgs__rosidl_typesupport_introspection_c.dir/rosidl_typesupport_introspection_c/as2_msgs/action/detail/navigate_to_point__type_support.c.o[0m
[192.212s] [ 48%] [32mBuilding C object CMakeFiles/as2_msgs__rosidl_typesupport_introspection_c.dir/rosidl_typesupport_introspection_c/as2_msgs/action/detail/point_gimbal__type_support.c.o[0m
[192.432s] [ 48%] [32mBuilding C object CMakeFiles/as2_msgs__rosidl_typesupport_introspection_c.dir/rosidl_typesupport_introspection_c/as2_msgs/action/detail/set_arming_state__type_support.c.o[0m
[192.586s] [ 48%] [32mBuilding C object CMakeFiles/as2_msgs__rosidl_typesupport_introspection_c.dir/rosidl_typesupport_introspection_c/as2_msgs/action/detail/set_offboard_mode__type_support.c.o[0m
[192.786s] [ 48%] [32mBuilding C object CMakeFiles/as2_msgs__rosidl_typesupport_introspection_c.dir/rosidl_typesupport_introspection_c/as2_msgs/action/detail/swarm_flocking__type_support.c.o[0m
[192.984s] [ 49%] [32mBuilding C object CMakeFiles/as2_msgs__rosidl_typesupport_introspection_c.dir/rosidl_typesupport_introspection_c/as2_msgs/action/detail/takeoff__type_support.c.o[0m
[193.187s] [ 50%] [32mBuilding C object CMakeFiles/as2_msgs__rosidl_typesupport_introspection_c.dir/rosidl_typesupport_introspection_c/as2_msgs/msg/detail/trajectory_point__type_support.c.o[0m
[193.249s] [ 50%] [32mBuilding C object CMakeFiles/as2_msgs__rosidl_typesupport_introspection_c.dir/rosidl_typesupport_introspection_c/as2_msgs/msg/detail/speed__type_support.c.o[0m
[193.312s] [ 51%] [32mBuilding C object CMakeFiles/as2_msgs__rosidl_typesupport_introspection_c.dir/rosidl_typesupport_introspection_c/as2_msgs/msg/detail/pose_with_id__type_support.c.o[0m
[193.382s] [ 51%] [32m[1mLinking C shared library libas2_msgs__rosidl_typesupport_introspection_c.so[0m
[193.472s] [ 51%] Built target as2_msgs__rosidl_typesupport_introspection_c
[193.489s] [ 52%] [34m[1mGenerating C type support for eProsima Fast-RTPS[0m
[206.725s] [ 52%] [32mBuilding CXX object CMakeFiles/as2_msgs__rosidl_typesupport_fastrtps_c.dir/rosidl_typesupport_fastrtps_c/as2_msgs/msg/detail/acro__type_support_c.cpp.o[0m
[206.726s] [ 52%] [32mBuilding CXX object CMakeFiles/as2_msgs__rosidl_typesupport_fastrtps_c.dir/rosidl_typesupport_fastrtps_c/as2_msgs/msg/detail/alert_event__type_support_c.cpp.o[0m
[207.405s] [ 52%] [32mBuilding CXX object CMakeFiles/as2_msgs__rosidl_typesupport_fastrtps_c.dir/rosidl_typesupport_fastrtps_c/as2_msgs/msg/detail/follow_target_info__type_support_c.cpp.o[0m
[207.733s] [ 52%] [32mBuilding CXX object CMakeFiles/as2_msgs__rosidl_typesupport_fastrtps_c.dir/rosidl_typesupport_fastrtps_c/as2_msgs/msg/detail/geozone__type_support_c.cpp.o[0m
[208.127s] [ 52%] [32mBuilding CXX object CMakeFiles/as2_msgs__rosidl_typesupport_fastrtps_c.dir/rosidl_typesupport_fastrtps_c/as2_msgs/msg/detail/gimbal_control__type_support_c.cpp.o[0m
[208.779s] [ 53%] [32mBuilding CXX object CMakeFiles/as2_msgs__rosidl_typesupport_fastrtps_c.dir/rosidl_typesupport_fastrtps_c/as2_msgs/msg/detail/mission_event__type_support_c.cpp.o[0m
[209.003s] [ 53%] [32mBuilding CXX object CMakeFiles/as2_msgs__rosidl_typesupport_fastrtps_c.dir/rosidl_typesupport_fastrtps_c/as2_msgs/msg/detail/mission_update__type_support_c.cpp.o[0m
[209.743s] [ 53%] [32mBuilding CXX object CMakeFiles/as2_msgs__rosidl_typesupport_fastrtps_c.dir/rosidl_typesupport_fastrtps_c/as2_msgs/msg/detail/node_status__type_support_c.cpp.o[0m
[209.984s] [ 53%] [32mBuilding CXX object CMakeFiles/as2_msgs__rosidl_typesupport_fastrtps_c.dir/rosidl_typesupport_fastrtps_c/as2_msgs/msg/detail/platform_info__type_support_c.cpp.o[0m
[210.357s] [ 53%] [32mBuilding CXX object CMakeFiles/as2_msgs__rosidl_typesupport_fastrtps_c.dir/rosidl_typesupport_fastrtps_c/as2_msgs/msg/detail/platform_state_machine_event__type_support_c.cpp.o[0m
[210.923s] [ 54%] [32mBuilding CXX object CMakeFiles/as2_msgs__rosidl_typesupport_fastrtps_c.dir/rosidl_typesupport_fastrtps_c/as2_msgs/msg/detail/platform_status__type_support_c.cpp.o[0m
[211.282s] [ 54%] [32mBuilding CXX object CMakeFiles/as2_msgs__rosidl_typesupport_fastrtps_c.dir/rosidl_typesupport_fastrtps_c/as2_msgs/msg/detail/polygon_list__type_support_c.cpp.o[0m
[211.763s] [ 54%] [32mBuilding CXX object CMakeFiles/as2_msgs__rosidl_typesupport_fastrtps_c.dir/rosidl_typesupport_fastrtps_c/as2_msgs/msg/detail/pose_stamped_with_id__type_support_c.cpp.o[0m
[212.125s] [ 54%] [32mBuilding CXX object CMakeFiles/as2_msgs__rosidl_typesupport_fastrtps_c.dir/rosidl_typesupport_fastrtps_c/as2_msgs/msg/detail/pose_stamped_with_id_array__type_support_c.cpp.o[0m
[212.742s] [ 55%] [32mBuilding CXX object CMakeFiles/as2_msgs__rosidl_typesupport_fastrtps_c.dir/rosidl_typesupport_fastrtps_c/as2_msgs/msg/detail/controller_info__type_support_c.cpp.o[0m
[212.746s] [ 55%] [32mBuilding CXX object CMakeFiles/as2_msgs__rosidl_typesupport_fastrtps_c.dir/rosidl_typesupport_fastrtps_c/as2_msgs/msg/detail/pose_with_id__type_support_c.cpp.o[0m
[213.086s] [ 56%] [32mBuilding CXX object CMakeFiles/as2_msgs__rosidl_typesupport_fastrtps_c.dir/rosidl_typesupport_fastrtps_c/as2_msgs/msg/detail/pose_with_id_array__type_support_c.cpp.o[0m
[213.535s] [ 56%] [32mBuilding CXX object CMakeFiles/as2_msgs__rosidl_typesupport_fastrtps_c.dir/rosidl_typesupport_fastrtps_c/as2_msgs/msg/detail/speed__type_support_c.cpp.o[0m
[213.744s] [ 56%] [32mBuilding CXX object CMakeFiles/as2_msgs__rosidl_typesupport_fastrtps_c.dir/rosidl_typesupport_fastrtps_c/as2_msgs/msg/detail/thrust__type_support_c.cpp.o[0m
[214.041s] [ 56%] [32mBuilding CXX object CMakeFiles/as2_msgs__rosidl_typesupport_fastrtps_c.dir/rosidl_typesupport_fastrtps_c/as2_msgs/msg/detail/traj_gen_info__type_support_c.cpp.o[0m
[214.043s] [ 56%] [32mBuilding CXX object CMakeFiles/as2_msgs__rosidl_typesupport_fastrtps_c.dir/rosidl_typesupport_fastrtps_c/as2_msgs/msg/detail/control_mode__type_support_c.cpp.o[0m
[214.418s] [ 57%] [32mBuilding CXX object CMakeFiles/as2_msgs__rosidl_typesupport_fastrtps_c.dir/rosidl_typesupport_fastrtps_c/as2_msgs/msg/detail/trajectory_point__type_support_c.cpp.o[0m
[214.712s] [ 57%] [32mBuilding CXX object CMakeFiles/as2_msgs__rosidl_typesupport_fastrtps_c.dir/rosidl_typesupport_fastrtps_c/as2_msgs/msg/detail/trajectory_setpoints__type_support_c.cpp.o[0m
[215.022s] [ 57%] [32mBuilding CXX object CMakeFiles/as2_msgs__rosidl_typesupport_fastrtps_c.dir/rosidl_typesupport_fastrtps_c/as2_msgs/msg/detail/behavior_status__type_support_c.cpp.o[0m
[215.023s] [ 57%] [32mBuilding CXX object CMakeFiles/as2_msgs__rosidl_typesupport_fastrtps_c.dir/rosidl_typesupport_fastrtps_c/as2_msgs/msg/detail/u_int16_multi_array_stamped__type_support_c.cpp.o[0m
[215.357s] [ 57%] [32mBuilding CXX object CMakeFiles/as2_msgs__rosidl_typesupport_fastrtps_c.dir/rosidl_typesupport_fastrtps_c/as2_msgs/srv/detail/add_static_transform__type_support_c.cpp.o[0m
[215.714s] [ 58%] [32mBuilding CXX object CMakeFiles/as2_msgs__rosidl_typesupport_fastrtps_c.dir/rosidl_typesupport_fastrtps_c/as2_msgs/srv/detail/add_static_transform_gps__type_support_c.cpp.o[0m
[216.040s] [ 58%] [32mBuilding CXX object CMakeFiles/as2_msgs__rosidl_typesupport_fastrtps_c.dir/rosidl_typesupport_fastrtps_c/as2_msgs/srv/detail/dynamic_follower__type_support_c.cpp.o[0m
[216.071s] [ 58%] [32mBuilding CXX object CMakeFiles/as2_msgs__rosidl_typesupport_fastrtps_c.dir/rosidl_typesupport_fastrtps_c/as2_msgs/srv/detail/dynamic_land__type_support_c.cpp.o[0m
[216.513s] [ 58%] [32mBuilding CXX object CMakeFiles/as2_msgs__rosidl_typesupport_fastrtps_c.dir/rosidl_typesupport_fastrtps_c/as2_msgs/srv/detail/geopath_to_path__type_support_c.cpp.o[0m
[216.952s] [ 59%] [32mBuilding CXX object CMakeFiles/as2_msgs__rosidl_typesupport_fastrtps_c.dir/rosidl_typesupport_fastrtps_c/as2_msgs/srv/detail/get_geozone__type_support_c.cpp.o[0m
[216.968s] [ 59%] [32mBuilding CXX object CMakeFiles/as2_msgs__rosidl_typesupport_fastrtps_c.dir/rosidl_typesupport_fastrtps_c/as2_msgs/msg/detail/yaw_mode__type_support_c.cpp.o[0m
[217.014s] [ 59%] [32mBuilding CXX object CMakeFiles/as2_msgs__rosidl_typesupport_fastrtps_c.dir/rosidl_typesupport_fastrtps_c/as2_msgs/srv/detail/get_origin__type_support_c.cpp.o[0m
[217.020s] [ 59%] [32mBuilding CXX object CMakeFiles/as2_msgs__rosidl_typesupport_fastrtps_c.dir/rosidl_typesupport_fastrtps_c/as2_msgs/srv/detail/list_control_modes__type_support_c.cpp.o[0m
[218.137s] [ 59%] [32mBuilding CXX object CMakeFiles/as2_msgs__rosidl_typesupport_fastrtps_c.dir/rosidl_typesupport_fastrtps_c/as2_msgs/srv/detail/set_control_mode__type_support_c.cpp.o[0m
[218.746s] [ 59%] [32mBuilding CXX object CMakeFiles/as2_msgs__rosidl_typesupport_fastrtps_c.dir/rosidl_typesupport_fastrtps_c/as2_msgs/srv/detail/set_geozone__type_support_c.cpp.o[0m
[219.319s] [ 59%] [32mBuilding CXX object CMakeFiles/as2_msgs__rosidl_typesupport_fastrtps_c.dir/rosidl_typesupport_fastrtps_c/as2_msgs/srv/detail/set_origin__type_support_c.cpp.o[0m
[220.112s] [ 60%] [32mBuilding CXX object CMakeFiles/as2_msgs__rosidl_typesupport_fastrtps_c.dir/rosidl_typesupport_fastrtps_c/as2_msgs/srv/detail/set_platform_state_machine_event__type_support_c.cpp.o[0m
[220.762s] [ 60%] [32mBuilding CXX object CMakeFiles/as2_msgs__rosidl_typesupport_fastrtps_c.dir/rosidl_typesupport_fastrtps_c/as2_msgs/srv/detail/set_speed__type_support_c.cpp.o[0m
[221.316s] [ 60%] [32mBuilding CXX object CMakeFiles/as2_msgs__rosidl_typesupport_fastrtps_c.dir/rosidl_typesupport_fastrtps_c/as2_msgs/action/detail/detect_aruco_markers__type_support_c.cpp.o[0m
[221.984s] [ 60%] [32mBuilding CXX object CMakeFiles/as2_msgs__rosidl_typesupport_fastrtps_c.dir/rosidl_typesupport_fastrtps_c/as2_msgs/action/detail/follow_path__type_support_c.cpp.o[0m
[222.726s] [ 61%] [32mBuilding CXX object CMakeFiles/as2_msgs__rosidl_typesupport_fastrtps_c.dir/rosidl_typesupport_fastrtps_c/as2_msgs/action/detail/follow_reference__type_support_c.cpp.o[0m
[222.726s] [ 61%] [32mBuilding CXX object CMakeFiles/as2_msgs__rosidl_typesupport_fastrtps_c.dir/rosidl_typesupport_fastrtps_c/as2_msgs/srv/detail/path_to_geopath__type_support_c.cpp.o[0m
[223.331s] [ 61%] [32mBuilding CXX object CMakeFiles/as2_msgs__rosidl_typesupport_fastrtps_c.dir/rosidl_typesupport_fastrtps_c/as2_msgs/action/detail/generate_polynomial_trajectory__type_support_c.cpp.o[0m
[223.336s] [ 62%] [32mBuilding CXX object CMakeFiles/as2_msgs__rosidl_typesupport_fastrtps_c.dir/rosidl_typesupport_fastrtps_c/as2_msgs/srv/detail/package_un_pick__type_support_c.cpp.o[0m
[223.475s] [ 62%] [32mBuilding CXX object CMakeFiles/as2_msgs__rosidl_typesupport_fastrtps_c.dir/rosidl_typesupport_fastrtps_c/as2_msgs/action/detail/go_to_waypoint__type_support_c.cpp.o[0m
[223.990s] [ 62%] [32mBuilding CXX object CMakeFiles/as2_msgs__rosidl_typesupport_fastrtps_c.dir/rosidl_typesupport_fastrtps_c/as2_msgs/srv/detail/package_pick_up__type_support_c.cpp.o[0m
[223.991s] [ 62%] [32mBuilding CXX object CMakeFiles/as2_msgs__rosidl_typesupport_fastrtps_c.dir/rosidl_typesupport_fastrtps_c/as2_msgs/action/detail/land__type_support_c.cpp.o[0m
[224.559s] [ 62%] [32mBuilding CXX object CMakeFiles/as2_msgs__rosidl_typesupport_fastrtps_c.dir/rosidl_typesupport_fastrtps_c/as2_msgs/action/detail/navigate_to_point__type_support_c.cpp.o[0m
[224.610s] [ 63%] [32mBuilding CXX object CMakeFiles/as2_msgs__rosidl_typesupport_fastrtps_c.dir/rosidl_typesupport_fastrtps_c/as2_msgs/action/detail/point_gimbal__type_support_c.cpp.o[0m
[224.937s] [ 63%] [32mBuilding CXX object CMakeFiles/as2_msgs__rosidl_typesupport_fastrtps_c.dir/rosidl_typesupport_fastrtps_c/as2_msgs/action/detail/set_offboard_mode__type_support_c.cpp.o[0m
[224.937s] [ 63%] [32mBuilding CXX object CMakeFiles/as2_msgs__rosidl_typesupport_fastrtps_c.dir/rosidl_typesupport_fastrtps_c/as2_msgs/action/detail/set_arming_state__type_support_c.cpp.o[0m
[224.937s] [ 63%] [32mBuilding CXX object CMakeFiles/as2_msgs__rosidl_typesupport_fastrtps_c.dir/rosidl_typesupport_fastrtps_c/as2_msgs/srv/detail/modify_swarm__type_support_c.cpp.o[0m
[225.485s] [ 63%] [32mBuilding CXX object CMakeFiles/as2_msgs__rosidl_typesupport_fastrtps_c.dir/rosidl_typesupport_fastrtps_c/as2_msgs/action/detail/swarm_flocking__type_support_c.cpp.o[0m
[225.752s] [ 63%] [32mBuilding CXX object CMakeFiles/as2_msgs__rosidl_typesupport_fastrtps_c.dir/rosidl_typesupport_fastrtps_c/as2_msgs/action/detail/takeoff__type_support_c.cpp.o[0m
[226.553s] [ 64%] [32m[1mLinking CXX shared library libas2_msgs__rosidl_typesupport_fastrtps_c.so[0m
[226.702s] [ 64%] Built target as2_msgs__rosidl_typesupport_fastrtps_c
[226.718s] [ 64%] [34m[1mGenerating C++ type support dispatch for ROS interfaces[0m
[226.718s] [ 64%] [34m[1mGenerating C++ type support for eProsima Fast-RTPS[0m
[234.697s] [ 64%] [32mBuilding CXX object CMakeFiles/as2_msgs__rosidl_typesupport_cpp.dir/rosidl_typesupport_cpp/as2_msgs/msg/alert_event__type_support.cpp.o[0m
[234.698s] [ 64%] [32mBuilding CXX object CMakeFiles/as2_msgs__rosidl_typesupport_cpp.dir/rosidl_typesupport_cpp/as2_msgs/msg/control_mode__type_support.cpp.o[0m
[234.699s] [ 65%] [32mBuilding CXX object CMakeFiles/as2_msgs__rosidl_typesupport_cpp.dir/rosidl_typesupport_cpp/as2_msgs/msg/acro__type_support.cpp.o[0m
[234.701s] [ 65%] [32mBuilding CXX object CMakeFiles/as2_msgs__rosidl_typesupport_cpp.dir/rosidl_typesupport_cpp/as2_msgs/msg/behavior_status__type_support.cpp.o[0m
[234.713s] [ 65%] [32mBuilding CXX object CMakeFiles/as2_msgs__rosidl_typesupport_cpp.dir/rosidl_typesupport_cpp/as2_msgs/msg/controller_info__type_support.cpp.o[0m
[235.455s] [ 66%] [32mBuilding CXX object CMakeFiles/as2_msgs__rosidl_typesupport_cpp.dir/rosidl_typesupport_cpp/as2_msgs/msg/geozone__type_support.cpp.o[0m
[235.455s] [ 66%] [32mBuilding CXX object CMakeFiles/as2_msgs__rosidl_typesupport_cpp.dir/rosidl_typesupport_cpp/as2_msgs/msg/follow_target_info__type_support.cpp.o[0m
[235.457s] [ 66%] [32mBuilding CXX object CMakeFiles/as2_msgs__rosidl_typesupport_cpp.dir/rosidl_typesupport_cpp/as2_msgs/msg/gimbal_control__type_support.cpp.o[0m
[235.458s] [ 66%] [32mBuilding CXX object CMakeFiles/as2_msgs__rosidl_typesupport_cpp.dir/rosidl_typesupport_cpp/as2_msgs/msg/mission_update__type_support.cpp.o[0m
[235.459s] [ 66%] [32mBuilding CXX object CMakeFiles/as2_msgs__rosidl_typesupport_cpp.dir/rosidl_typesupport_cpp/as2_msgs/msg/mission_event__type_support.cpp.o[0m
[235.471s] [ 67%] [32mBuilding CXX object CMakeFiles/as2_msgs__rosidl_typesupport_cpp.dir/rosidl_typesupport_cpp/as2_msgs/msg/node_status__type_support.cpp.o[0m
[235.472s] [ 67%] [32mBuilding CXX object CMakeFiles/as2_msgs__rosidl_typesupport_cpp.dir/rosidl_typesupport_cpp/as2_msgs/msg/platform_info__type_support.cpp.o[0m
[236.246s] [ 67%] [32mBuilding CXX object CMakeFiles/as2_msgs__rosidl_typesupport_cpp.dir/rosidl_typesupport_cpp/as2_msgs/msg/platform_state_machine_event__type_support.cpp.o[0m
[236.267s] [ 68%] [32mBuilding CXX object CMakeFiles/as2_msgs__rosidl_typesupport_cpp.dir/rosidl_typesupport_cpp/as2_msgs/msg/polygon_list__type_support.cpp.o[0m
[236.278s] [ 68%] [32mBuilding CXX object CMakeFiles/as2_msgs__rosidl_typesupport_cpp.dir/rosidl_typesupport_cpp/as2_msgs/msg/platform_status__type_support.cpp.o[0m
[236.344s] [ 68%] [32mBuilding CXX object CMakeFiles/as2_msgs__rosidl_typesupport_cpp.dir/rosidl_typesupport_cpp/as2_msgs/msg/pose_stamped_with_id__type_support.cpp.o[0m
[236.384s] [ 68%] [32mBuilding CXX object CMakeFiles/as2_msgs__rosidl_typesupport_cpp.dir/rosidl_typesupport_cpp/as2_msgs/msg/pose_stamped_with_id_array__type_support.cpp.o[0m
[236.403s] [ 68%] [32mBuilding CXX object CMakeFiles/as2_msgs__rosidl_typesupport_cpp.dir/rosidl_typesupport_cpp/as2_msgs/msg/pose_with_id__type_support.cpp.o[0m
[236.767s] [ 68%] [32mBuilding CXX object CMakeFiles/as2_msgs__rosidl_typesupport_cpp.dir/rosidl_typesupport_cpp/as2_msgs/msg/pose_with_id_array__type_support.cpp.o[0m
[237.137s] [ 69%] [32mBuilding CXX object CMakeFiles/as2_msgs__rosidl_typesupport_cpp.dir/rosidl_typesupport_cpp/as2_msgs/msg/speed__type_support.cpp.o[0m
[237.164s] [ 69%] [32mBuilding CXX object CMakeFiles/as2_msgs__rosidl_typesupport_cpp.dir/rosidl_typesupport_cpp/as2_msgs/msg/thrust__type_support.cpp.o[0m
[237.166s] [ 69%] [32mBuilding CXX object CMakeFiles/as2_msgs__rosidl_typesupport_cpp.dir/rosidl_typesupport_cpp/as2_msgs/msg/traj_gen_info__type_support.cpp.o[0m
[237.401s] [ 69%] [32mBuilding CXX object CMakeFiles/as2_msgs__rosidl_typesupport_cpp.dir/rosidl_typesupport_cpp/as2_msgs/msg/trajectory_point__type_support.cpp.o[0m
[237.403s] [ 69%] [32mBuilding CXX object CMakeFiles/as2_msgs__rosidl_typesupport_cpp.dir/rosidl_typesupport_cpp/as2_msgs/msg/trajectory_setpoints__type_support.cpp.o[0m
[237.463s] [ 70%] [32mBuilding CXX object CMakeFiles/as2_msgs__rosidl_typesupport_cpp.dir/rosidl_typesupport_cpp/as2_msgs/msg/u_int16_multi_array_stamped__type_support.cpp.o[0m
[237.834s] [ 70%] [32mBuilding CXX object CMakeFiles/as2_msgs__rosidl_typesupport_cpp.dir/rosidl_typesupport_cpp/as2_msgs/msg/yaw_mode__type_support.cpp.o[0m
[238.040s] [ 70%] [32mBuilding CXX object CMakeFiles/as2_msgs__rosidl_typesupport_cpp.dir/rosidl_typesupport_cpp/as2_msgs/srv/add_static_transform__type_support.cpp.o[0m
[238.201s] [ 70%] [32mBuilding CXX object CMakeFiles/as2_msgs__rosidl_typesupport_cpp.dir/rosidl_typesupport_cpp/as2_msgs/srv/add_static_transform_gps__type_support.cpp.o[0m
[238.251s] [ 71%] [32mBuilding CXX object CMakeFiles/as2_msgs__rosidl_typesupport_cpp.dir/rosidl_typesupport_cpp/as2_msgs/srv/dynamic_follower__type_support.cpp.o[0m
[238.309s] [ 71%] [32mBuilding CXX object CMakeFiles/as2_msgs__rosidl_typesupport_cpp.dir/rosidl_typesupport_cpp/as2_msgs/srv/dynamic_land__type_support.cpp.o[0m
[238.597s] [ 71%] [32mBuilding CXX object CMakeFiles/as2_msgs__rosidl_typesupport_cpp.dir/rosidl_typesupport_cpp/as2_msgs/srv/geopath_to_path__type_support.cpp.o[0m
[238.616s] [ 71%] [32mBuilding CXX object CMakeFiles/as2_msgs__rosidl_typesupport_cpp.dir/rosidl_typesupport_cpp/as2_msgs/srv/get_geozone__type_support.cpp.o[0m
[238.642s] [ 71%] [32mBuilding CXX object CMakeFiles/as2_msgs__rosidl_typesupport_cpp.dir/rosidl_typesupport_cpp/as2_msgs/srv/get_origin__type_support.cpp.o[0m
[238.989s] [ 72%] [32mBuilding CXX object CMakeFiles/as2_msgs__rosidl_typesupport_cpp.dir/rosidl_typesupport_cpp/as2_msgs/srv/list_control_modes__type_support.cpp.o[0m
[239.071s] [ 72%] [32mBuilding CXX object CMakeFiles/as2_msgs__rosidl_typesupport_cpp.dir/rosidl_typesupport_cpp/as2_msgs/srv/modify_swarm__type_support.cpp.o[0m
[239.306s] [ 72%] [32mBuilding CXX object CMakeFiles/as2_msgs__rosidl_typesupport_cpp.dir/rosidl_typesupport_cpp/as2_msgs/srv/package_pick_up__type_support.cpp.o[0m
[239.350s] [ 72%] [32mBuilding CXX object CMakeFiles/as2_msgs__rosidl_typesupport_cpp.dir/rosidl_typesupport_cpp/as2_msgs/srv/package_un_pick__type_support.cpp.o[0m
[239.460s] [ 73%] [32mBuilding CXX object CMakeFiles/as2_msgs__rosidl_typesupport_cpp.dir/rosidl_typesupport_cpp/as2_msgs/srv/path_to_geopath__type_support.cpp.o[0m
[239.623s] [ 73%] [32mBuilding CXX object CMakeFiles/as2_msgs__rosidl_typesupport_cpp.dir/rosidl_typesupport_cpp/as2_msgs/srv/set_control_mode__type_support.cpp.o[0m
[239.749s] [ 73%] [32mBuilding CXX object CMakeFiles/as2_msgs__rosidl_typesupport_cpp.dir/rosidl_typesupport_cpp/as2_msgs/srv/set_geozone__type_support.cpp.o[0m
[239.930s] [ 73%] [32mBuilding CXX object CMakeFiles/as2_msgs__rosidl_typesupport_cpp.dir/rosidl_typesupport_cpp/as2_msgs/srv/set_origin__type_support.cpp.o[0m
[240.080s] [ 73%] [32mBuilding CXX object CMakeFiles/as2_msgs__rosidl_typesupport_cpp.dir/rosidl_typesupport_cpp/as2_msgs/srv/set_platform_state_machine_event__type_support.cpp.o[0m
[240.128s] [ 74%] [32mBuilding CXX object CMakeFiles/as2_msgs__rosidl_typesupport_cpp.dir/rosidl_typesupport_cpp/as2_msgs/srv/set_speed__type_support.cpp.o[0m
[240.183s] [ 74%] [32mBuilding CXX object CMakeFiles/as2_msgs__rosidl_typesupport_cpp.dir/rosidl_typesupport_cpp/as2_msgs/action/detect_aruco_markers__type_support.cpp.o[0m
[240.542s] [ 74%] [32mBuilding CXX object CMakeFiles/as2_msgs__rosidl_typesupport_cpp.dir/rosidl_typesupport_cpp/as2_msgs/action/follow_path__type_support.cpp.o[0m
[240.577s] [ 74%] [32mBuilding CXX object CMakeFiles/as2_msgs__rosidl_typesupport_cpp.dir/rosidl_typesupport_cpp/as2_msgs/action/follow_reference__type_support.cpp.o[0m
[240.754s] [ 74%] [32mBuilding CXX object CMakeFiles/as2_msgs__rosidl_typesupport_cpp.dir/rosidl_typesupport_cpp/as2_msgs/action/generate_polynomial_trajectory__type_support.cpp.o[0m
[240.792s] [ 75%] [32mBuilding CXX object CMakeFiles/as2_msgs__rosidl_typesupport_cpp.dir/rosidl_typesupport_cpp/as2_msgs/action/go_to_waypoint__type_support.cpp.o[0m
[240.898s] [ 75%] [32mBuilding CXX object CMakeFiles/as2_msgs__rosidl_typesupport_cpp.dir/rosidl_typesupport_cpp/as2_msgs/action/land__type_support.cpp.o[0m
[241.174s] [ 75%] [32mBuilding CXX object CMakeFiles/as2_msgs__rosidl_typesupport_cpp.dir/rosidl_typesupport_cpp/as2_msgs/action/navigate_to_point__type_support.cpp.o[0m
[241.694s] [ 75%] [32mBuilding CXX object CMakeFiles/as2_msgs__rosidl_typesupport_cpp.dir/rosidl_typesupport_cpp/as2_msgs/action/point_gimbal__type_support.cpp.o[0m
[242.046s] [ 76%] [32mBuilding CXX object CMakeFiles/as2_msgs__rosidl_typesupport_cpp.dir/rosidl_typesupport_cpp/as2_msgs/action/set_arming_state__type_support.cpp.o[0m
[242.138s] [ 76%] [32mBuilding CXX object CMakeFiles/as2_msgs__rosidl_typesupport_cpp.dir/rosidl_typesupport_cpp/as2_msgs/action/set_offboard_mode__type_support.cpp.o[0m
[242.274s] [ 76%] [32mBuilding CXX object CMakeFiles/as2_msgs__rosidl_typesupport_cpp.dir/rosidl_typesupport_cpp/as2_msgs/action/swarm_flocking__type_support.cpp.o[0m
[242.531s] [ 76%] [32mBuilding CXX object CMakeFiles/as2_msgs__rosidl_typesupport_cpp.dir/rosidl_typesupport_cpp/as2_msgs/action/takeoff__type_support.cpp.o[0m
[243.654s] [ 76%] [32m[1mLinking CXX shared library libas2_msgs__rosidl_typesupport_cpp.so[0m
[243.737s] [ 76%] Built target as2_msgs__rosidl_typesupport_cpp
[243.960s] [ 77%] [32mBuilding CXX object CMakeFiles/as2_msgs__rosidl_typesupport_fastrtps_cpp.dir/rosidl_typesupport_fastrtps_cpp/as2_msgs/msg/detail/dds_fastrtps/acro__type_support.cpp.o[0m
[243.960s] [ 77%] [32mBuilding CXX object CMakeFiles/as2_msgs__rosidl_typesupport_fastrtps_cpp.dir/rosidl_typesupport_fastrtps_cpp/as2_msgs/msg/detail/dds_fastrtps/alert_event__type_support.cpp.o[0m
[244.642s] [ 77%] [32mBuilding CXX object CMakeFiles/as2_msgs__rosidl_typesupport_fastrtps_cpp.dir/rosidl_typesupport_fastrtps_cpp/as2_msgs/msg/detail/dds_fastrtps/gimbal_control__type_support.cpp.o[0m
[245.275s] [ 78%] [32mBuilding CXX object CMakeFiles/as2_msgs__rosidl_typesupport_fastrtps_cpp.dir/rosidl_typesupport_fastrtps_cpp/as2_msgs/msg/detail/dds_fastrtps/mission_update__type_support.cpp.o[0m
[245.275s] [ 78%] [32mBuilding CXX object CMakeFiles/as2_msgs__rosidl_typesupport_fastrtps_cpp.dir/rosidl_typesupport_fastrtps_cpp/as2_msgs/msg/detail/dds_fastrtps/mission_event__type_support.cpp.o[0m
[245.982s] [ 78%] [32mBuilding CXX object CMakeFiles/as2_msgs__rosidl_typesupport_fastrtps_cpp.dir/rosidl_typesupport_fastrtps_cpp/as2_msgs/msg/detail/dds_fastrtps/geozone__type_support.cpp.o[0m
[245.982s] [ 78%] [32mBuilding CXX object CMakeFiles/as2_msgs__rosidl_typesupport_fastrtps_cpp.dir/rosidl_typesupport_fastrtps_cpp/as2_msgs/msg/detail/dds_fastrtps/node_status__type_support.cpp.o[0m
[246.658s] [ 78%] [32mBuilding CXX object CMakeFiles/as2_msgs__rosidl_typesupport_fastrtps_cpp.dir/rosidl_typesupport_fastrtps_cpp/as2_msgs/msg/detail/dds_fastrtps/platform_state_machine_event__type_support.cpp.o[0m
[246.667s] [ 78%] [32mBuilding CXX object CMakeFiles/as2_msgs__rosidl_typesupport_fastrtps_cpp.dir/rosidl_typesupport_fastrtps_cpp/as2_msgs/msg/detail/dds_fastrtps/platform_status__type_support.cpp.o[0m
[247.393s] [ 79%] [32mBuilding CXX object CMakeFiles/as2_msgs__rosidl_typesupport_fastrtps_cpp.dir/rosidl_typesupport_fastrtps_cpp/as2_msgs/msg/detail/dds_fastrtps/polygon_list__type_support.cpp.o[0m
[247.393s] [ 80%] [32mBuilding CXX object CMakeFiles/as2_msgs__rosidl_typesupport_fastrtps_cpp.dir/rosidl_typesupport_fastrtps_cpp/as2_msgs/msg/detail/dds_fastrtps/follow_target_info__type_support.cpp.o[0m
[247.397s] [ 80%] [32mBuilding CXX object CMakeFiles/as2_msgs__rosidl_typesupport_fastrtps_cpp.dir/rosidl_typesupport_fastrtps_cpp/as2_msgs/msg/detail/dds_fastrtps/platform_info__type_support.cpp.o[0m
[248.087s] [ 80%] [32mBuilding CXX object CMakeFiles/as2_msgs__rosidl_typesupport_fastrtps_cpp.dir/rosidl_typesupport_fastrtps_cpp/as2_msgs/msg/detail/dds_fastrtps/pose_stamped_with_id_array__type_support.cpp.o[0m
[248.090s] [ 80%] [32mBuilding CXX object CMakeFiles/as2_msgs__rosidl_typesupport_fastrtps_cpp.dir/rosidl_typesupport_fastrtps_cpp/as2_msgs/msg/detail/dds_fastrtps/pose_stamped_with_id__type_support.cpp.o[0m
[248.486s] [ 80%] [32mBuilding CXX object CMakeFiles/as2_msgs__rosidl_typesupport_fastrtps_cpp.dir/rosidl_typesupport_fastrtps_cpp/as2_msgs/msg/detail/dds_fastrtps/pose_with_id__type_support.cpp.o[0m
[248.586s] [ 80%] [32mBuilding CXX object CMakeFiles/as2_msgs__rosidl_typesupport_fastrtps_cpp.dir/rosidl_typesupport_fastrtps_cpp/as2_msgs/msg/detail/dds_fastrtps/pose_with_id_array__type_support.cpp.o[0m
[248.966s] [ 80%] [32mBuilding CXX object CMakeFiles/as2_msgs__rosidl_typesupport_fastrtps_cpp.dir/rosidl_typesupport_fastrtps_cpp/as2_msgs/msg/detail/dds_fastrtps/controller_info__type_support.cpp.o[0m
[248.971s] [ 81%] [32mBuilding CXX object CMakeFiles/as2_msgs__rosidl_typesupport_fastrtps_cpp.dir/rosidl_typesupport_fastrtps_cpp/as2_msgs/msg/detail/dds_fastrtps/speed__type_support.cpp.o[0m
[249.107s] [ 81%] [32mBuilding CXX object CMakeFiles/as2_msgs__rosidl_typesupport_fastrtps_cpp.dir/rosidl_typesupport_fastrtps_cpp/as2_msgs/msg/detail/dds_fastrtps/thrust__type_support.cpp.o[0m
[249.405s] [ 81%] [32mBuilding CXX object CMakeFiles/as2_msgs__rosidl_typesupport_fastrtps_cpp.dir/rosidl_typesupport_fastrtps_cpp/as2_msgs/msg/detail/dds_fastrtps/traj_gen_info__type_support.cpp.o[0m
[249.724s] [ 81%] [32mBuilding CXX object CMakeFiles/as2_msgs__rosidl_typesupport_fastrtps_cpp.dir/rosidl_typesupport_fastrtps_cpp/as2_msgs/msg/detail/dds_fastrtps/trajectory_point__type_support.cpp.o[0m
[249.759s] [ 82%] [32mBuilding CXX object CMakeFiles/as2_msgs__rosidl_typesupport_fastrtps_cpp.dir/rosidl_typesupport_fastrtps_cpp/as2_msgs/msg/detail/dds_fastrtps/trajectory_setpoints__type_support.cpp.o[0m
[249.975s] [ 82%] [32mBuilding CXX object CMakeFiles/as2_msgs__rosidl_typesupport_fastrtps_cpp.dir/rosidl_typesupport_fastrtps_cpp/as2_msgs/msg/detail/dds_fastrtps/u_int16_multi_array_stamped__type_support.cpp.o[0m
[249.976s] [ 82%] [32mBuilding CXX object CMakeFiles/as2_msgs__rosidl_typesupport_fastrtps_cpp.dir/rosidl_typesupport_fastrtps_cpp/as2_msgs/msg/detail/dds_fastrtps/control_mode__type_support.cpp.o[0m
[250.203s] [ 82%] [32mBuilding CXX object CMakeFiles/as2_msgs__rosidl_typesupport_fastrtps_cpp.dir/rosidl_typesupport_fastrtps_cpp/as2_msgs/msg/detail/dds_fastrtps/yaw_mode__type_support.cpp.o[0m
[250.513s] [ 82%] [32mBuilding CXX object CMakeFiles/as2_msgs__rosidl_typesupport_fastrtps_cpp.dir/rosidl_typesupport_fastrtps_cpp/as2_msgs/srv/detail/dds_fastrtps/add_static_transform__type_support.cpp.o[0m
[250.845s] [ 82%] [32mBuilding CXX object CMakeFiles/as2_msgs__rosidl_typesupport_fastrtps_cpp.dir/rosidl_typesupport_fastrtps_cpp/as2_msgs/srv/detail/dds_fastrtps/add_static_transform_gps__type_support.cpp.o[0m
[250.874s] [ 82%] [32mBuilding CXX object CMakeFiles/as2_msgs__rosidl_typesupport_fastrtps_cpp.dir/rosidl_typesupport_fastrtps_cpp/as2_msgs/msg/detail/dds_fastrtps/behavior_status__type_support.cpp.o[0m
[250.981s] [ 83%] [32mBuilding CXX object CMakeFiles/as2_msgs__rosidl_typesupport_fastrtps_cpp.dir/rosidl_typesupport_fastrtps_cpp/as2_msgs/srv/detail/dds_fastrtps/dynamic_follower__type_support.cpp.o[0m
[251.118s] [ 83%] [32mBuilding CXX object CMakeFiles/as2_msgs__rosidl_typesupport_fastrtps_cpp.dir/rosidl_typesupport_fastrtps_cpp/as2_msgs/srv/detail/dds_fastrtps/dynamic_land__type_support.cpp.o[0m
[251.296s] [ 83%] [32mBuilding CXX object CMakeFiles/as2_msgs__rosidl_typesupport_fastrtps_cpp.dir/rosidl_typesupport_fastrtps_cpp/as2_msgs/srv/detail/dds_fastrtps/geopath_to_path__type_support.cpp.o[0m
[251.330s] [ 83%] [32mBuilding CXX object CMakeFiles/as2_msgs__rosidl_typesupport_fastrtps_cpp.dir/rosidl_typesupport_fastrtps_cpp/as2_msgs/srv/detail/dds_fastrtps/get_geozone__type_support.cpp.o[0m
[251.886s] [ 83%] [32mBuilding CXX object CMakeFiles/as2_msgs__rosidl_typesupport_fastrtps_cpp.dir/rosidl_typesupport_fastrtps_cpp/as2_msgs/srv/detail/dds_fastrtps/get_origin__type_support.cpp.o[0m
[251.918s] [ 84%] [32mBuilding CXX object CMakeFiles/as2_msgs__rosidl_typesupport_fastrtps_cpp.dir/rosidl_typesupport_fastrtps_cpp/as2_msgs/srv/detail/dds_fastrtps/list_control_modes__type_support.cpp.o[0m
[252.142s] [ 84%] [32mBuilding CXX object CMakeFiles/as2_msgs__rosidl_typesupport_fastrtps_cpp.dir/rosidl_typesupport_fastrtps_cpp/as2_msgs/srv/detail/dds_fastrtps/modify_swarm__type_support.cpp.o[0m
[252.340s] [ 84%] [32mBuilding CXX object CMakeFiles/as2_msgs__rosidl_typesupport_fastrtps_cpp.dir/rosidl_typesupport_fastrtps_cpp/as2_msgs/srv/detail/dds_fastrtps/package_pick_up__type_support.cpp.o[0m
[252.490s] [ 84%] [32mBuilding CXX object CMakeFiles/as2_msgs__rosidl_typesupport_fastrtps_cpp.dir/rosidl_typesupport_fastrtps_cpp/as2_msgs/srv/detail/dds_fastrtps/package_un_pick__type_support.cpp.o[0m
[252.568s] [ 85%] [32mBuilding CXX object CMakeFiles/as2_msgs__rosidl_typesupport_fastrtps_cpp.dir/rosidl_typesupport_fastrtps_cpp/as2_msgs/srv/detail/dds_fastrtps/path_to_geopath__type_support.cpp.o[0m
[252.782s] [ 85%] [32mBuilding CXX object CMakeFiles/as2_msgs__rosidl_typesupport_fastrtps_cpp.dir/rosidl_typesupport_fastrtps_cpp/as2_msgs/srv/detail/dds_fastrtps/set_control_mode__type_support.cpp.o[0m
[253.238s] [ 85%] [32mBuilding CXX object CMakeFiles/as2_msgs__rosidl_typesupport_fastrtps_cpp.dir/rosidl_typesupport_fastrtps_cpp/as2_msgs/srv/detail/dds_fastrtps/set_geozone__type_support.cpp.o[0m
[253.517s] [ 85%] [32mBuilding CXX object CMakeFiles/as2_msgs__rosidl_typesupport_fastrtps_cpp.dir/rosidl_typesupport_fastrtps_cpp/as2_msgs/srv/detail/dds_fastrtps/set_origin__type_support.cpp.o[0m
[253.530s] [ 85%] [32mBuilding CXX object CMakeFiles/as2_msgs__rosidl_typesupport_fastrtps_cpp.dir/rosidl_typesupport_fastrtps_cpp/as2_msgs/srv/detail/dds_fastrtps/set_platform_state_machine_event__type_support.cpp.o[0m
[253.615s] [ 86%] [32mBuilding CXX object CMakeFiles/as2_msgs__rosidl_typesupport_fastrtps_cpp.dir/rosidl_typesupport_fastrtps_cpp/as2_msgs/srv/detail/dds_fastrtps/set_speed__type_support.cpp.o[0m
[253.806s] [ 86%] [32mBuilding CXX object CMakeFiles/as2_msgs__rosidl_typesupport_fastrtps_cpp.dir/rosidl_typesupport_fastrtps_cpp/as2_msgs/action/detail/dds_fastrtps/follow_path__type_support.cpp.o[0m
[253.806s] [ 86%] [32mBuilding CXX object CMakeFiles/as2_msgs__rosidl_typesupport_fastrtps_cpp.dir/rosidl_typesupport_fastrtps_cpp/as2_msgs/action/detail/dds_fastrtps/detect_aruco_markers__type_support.cpp.o[0m
[253.832s] [ 86%] [32mBuilding CXX object CMakeFiles/as2_msgs__rosidl_typesupport_fastrtps_cpp.dir/rosidl_typesupport_fastrtps_cpp/as2_msgs/action/detail/dds_fastrtps/follow_reference__type_support.cpp.o[0m
[254.206s] [ 87%] [32mBuilding CXX object CMakeFiles/as2_msgs__rosidl_typesupport_fastrtps_cpp.dir/rosidl_typesupport_fastrtps_cpp/as2_msgs/action/detail/dds_fastrtps/generate_polynomial_trajectory__type_support.cpp.o[0m
[254.582s] [ 87%] [32mBuilding CXX object CMakeFiles/as2_msgs__rosidl_typesupport_fastrtps_cpp.dir/rosidl_typesupport_fastrtps_cpp/as2_msgs/action/detail/dds_fastrtps/go_to_waypoint__type_support.cpp.o[0m
[254.843s] [ 87%] [32mBuilding CXX object CMakeFiles/as2_msgs__rosidl_typesupport_fastrtps_cpp.dir/rosidl_typesupport_fastrtps_cpp/as2_msgs/action/detail/dds_fastrtps/land__type_support.cpp.o[0m
[254.862s] [ 87%] [32mBuilding CXX object CMakeFiles/as2_msgs__rosidl_typesupport_fastrtps_cpp.dir/rosidl_typesupport_fastrtps_cpp/as2_msgs/action/detail/dds_fastrtps/navigate_to_point__type_support.cpp.o[0m
[254.910s] [ 87%] [32mBuilding CXX object CMakeFiles/as2_msgs__rosidl_typesupport_fastrtps_cpp.dir/rosidl_typesupport_fastrtps_cpp/as2_msgs/action/detail/dds_fastrtps/point_gimbal__type_support.cpp.o[0m
[255.594s] [ 88%] [32mBuilding CXX object CMakeFiles/as2_msgs__rosidl_typesupport_fastrtps_cpp.dir/rosidl_typesupport_fastrtps_cpp/as2_msgs/action/detail/dds_fastrtps/set_arming_state__type_support.cpp.o[0m
[255.972s] [ 88%] [32mBuilding CXX object CMakeFiles/as2_msgs__rosidl_typesupport_fastrtps_cpp.dir/rosidl_typesupport_fastrtps_cpp/as2_msgs/action/detail/dds_fastrtps/set_offboard_mode__type_support.cpp.o[0m
[256.068s] [ 88%] [32mBuilding CXX object CMakeFiles/as2_msgs__rosidl_typesupport_fastrtps_cpp.dir/rosidl_typesupport_fastrtps_cpp/as2_msgs/action/detail/dds_fastrtps/swarm_flocking__type_support.cpp.o[0m
[256.427s] [ 88%] [32mBuilding CXX object CMakeFiles/as2_msgs__rosidl_typesupport_fastrtps_cpp.dir/rosidl_typesupport_fastrtps_cpp/as2_msgs/action/detail/dds_fastrtps/takeoff__type_support.cpp.o[0m
[257.714s] [ 88%] [32m[1mLinking CXX shared library libas2_msgs__rosidl_typesupport_fastrtps_cpp.so[0m
[257.840s] [ 88%] Built target as2_msgs__rosidl_typesupport_fastrtps_cpp
[257.864s] [ 88%] Built target as2_msgs
[257.890s] [ 88%] [34m[1mGenerating Python code for ROS interfaces[0m
[278.230s] [ 88%] Built target as2_msgs__py
[278.257s] [ 88%] [32mBuilding C object CMakeFiles/as2_msgs__rosidl_generator_py.dir/rosidl_generator_py/as2_msgs/msg/_acro_s.c.o[0m
[278.258s] [ 89%] [32mBuilding C object CMakeFiles/as2_msgs__rosidl_generator_py.dir/rosidl_generator_py/as2_msgs/msg/_alert_event_s.c.o[0m
[278.258s] [ 89%] [32mBuilding C object CMakeFiles/as2_msgs__rosidl_generator_py.dir/rosidl_generator_py/as2_msgs/msg/_behavior_status_s.c.o[0m
[278.258s] [ 89%] [32mBuilding C object CMakeFiles/as2_msgs__rosidl_generator_py.dir/rosidl_generator_py/as2_msgs/msg/_control_mode_s.c.o[0m
[278.258s] [ 89%] [32mBuilding C object CMakeFiles/as2_msgs__rosidl_generator_py.dir/rosidl_generator_py/as2_msgs/msg/_controller_info_s.c.o[0m
[278.259s] [ 90%] [32mBuilding C object CMakeFiles/as2_msgs__rosidl_generator_py.dir/rosidl_generator_py/as2_msgs/msg/_follow_target_info_s.c.o[0m
[278.260s] [ 90%] [32mBuilding C object CMakeFiles/as2_msgs__rosidl_generator_py.dir/rosidl_generator_py/as2_msgs/msg/_geozone_s.c.o[0m
[278.260s] [ 90%] [32mBuilding C object CMakeFiles/as2_msgs__rosidl_generator_py.dir/rosidl_generator_py/as2_msgs/msg/_gimbal_control_s.c.o[0m
[278.654s] [ 90%] [32mBuilding C object CMakeFiles/as2_msgs__rosidl_generator_py.dir/rosidl_generator_py/as2_msgs/msg/_mission_event_s.c.o[0m
[278.661s] [ 90%] [32mBuilding C object CMakeFiles/as2_msgs__rosidl_generator_py.dir/rosidl_generator_py/as2_msgs/msg/_mission_update_s.c.o[0m
[278.682s] [ 91%] [32mBuilding C object CMakeFiles/as2_msgs__rosidl_generator_py.dir/rosidl_generator_py/as2_msgs/msg/_node_status_s.c.o[0m
[278.683s] [ 91%] [32mBuilding C object CMakeFiles/as2_msgs__rosidl_generator_py.dir/rosidl_generator_py/as2_msgs/msg/_platform_info_s.c.o[0m
[278.683s] [ 91%] [32mBuilding C object CMakeFiles/as2_msgs__rosidl_generator_py.dir/rosidl_generator_py/as2_msgs/msg/_platform_status_s.c.o[0m
[278.685s] [ 91%] [32mBuilding C object CMakeFiles/as2_msgs__rosidl_generator_py.dir/rosidl_generator_py/as2_msgs/msg/_polygon_list_s.c.o[0m
[278.688s] [ 91%] [32mBuilding C object CMakeFiles/as2_msgs__rosidl_generator_py.dir/rosidl_generator_py/as2_msgs/msg/_platform_state_machine_event_s.c.o[0m
[278.732s] [ 92%] [32mBuilding C object CMakeFiles/as2_msgs__rosidl_generator_py.dir/rosidl_generator_py/as2_msgs/msg/_pose_stamped_with_id_s.c.o[0m
[279.081s] [ 92%] [32mBuilding C object CMakeFiles/as2_msgs__rosidl_generator_py.dir/rosidl_generator_py/as2_msgs/msg/_pose_stamped_with_id_array_s.c.o[0m
[279.083s] [ 92%] [32mBuilding C object CMakeFiles/as2_msgs__rosidl_generator_py.dir/rosidl_generator_py/as2_msgs/msg/_pose_with_id_s.c.o[0m
[279.084s] [ 93%] [32mBuilding C object CMakeFiles/as2_msgs__rosidl_generator_py.dir/rosidl_generator_py/as2_msgs/msg/_speed_s.c.o[0m
[279.085s] [ 93%] [32mBuilding C object CMakeFiles/as2_msgs__rosidl_generator_py.dir/rosidl_generator_py/as2_msgs/msg/_thrust_s.c.o[0m
[279.087s] [ 93%] [32mBuilding C object CMakeFiles/as2_msgs__rosidl_generator_py.dir/rosidl_generator_py/as2_msgs/msg/_traj_gen_info_s.c.o[0m
[279.088s] [ 93%] [32mBuilding C object CMakeFiles/as2_msgs__rosidl_generator_py.dir/rosidl_generator_py/as2_msgs/msg/_pose_with_id_array_s.c.o[0m
[279.089s] [ 93%] [32mBuilding C object CMakeFiles/as2_msgs__rosidl_generator_py.dir/rosidl_generator_py/as2_msgs/msg/_trajectory_point_s.c.o[0m
[279.089s] [ 93%] [32mBuilding C object CMakeFiles/as2_msgs__rosidl_generator_py.dir/rosidl_generator_py/as2_msgs/msg/_trajectory_setpoints_s.c.o[0m
[279.465s] [ 94%] [32mBuilding C object CMakeFiles/as2_msgs__rosidl_generator_py.dir/rosidl_generator_py/as2_msgs/msg/_yaw_mode_s.c.o[0m
[279.465s] [ 94%] [32mBuilding C object CMakeFiles/as2_msgs__rosidl_generator_py.dir/rosidl_generator_py/as2_msgs/srv/_add_static_transform_s.c.o[0m
[279.465s] [ 94%] [32mBuilding C object CMakeFiles/as2_msgs__rosidl_generator_py.dir/rosidl_generator_py/as2_msgs/msg/_u_int16_multi_array_stamped_s.c.o[0m
[279.465s] [ 95%] [32mBuilding C object CMakeFiles/as2_msgs__rosidl_generator_py.dir/rosidl_generator_py/as2_msgs/srv/_add_static_transform_gps_s.c.o[0m
[279.466s] [ 95%] [32mBuilding C object CMakeFiles/as2_msgs__rosidl_generator_py.dir/rosidl_generator_py/as2_msgs/srv/_dynamic_follower_s.c.o[0m
[279.466s] [ 95%] [32mBuilding C object CMakeFiles/as2_msgs__rosidl_generator_py.dir/rosidl_generator_py/as2_msgs/srv/_dynamic_land_s.c.o[0m
[279.466s] [ 95%] [32mBuilding C object CMakeFiles/as2_msgs__rosidl_generator_py.dir/rosidl_generator_py/as2_msgs/srv/_geopath_to_path_s.c.o[0m
[279.467s] [ 95%] [32mBuilding C object CMakeFiles/as2_msgs__rosidl_generator_py.dir/rosidl_generator_py/as2_msgs/srv/_get_geozone_s.c.o[0m
[279.827s] [ 96%] [32mBuilding C object CMakeFiles/as2_msgs__rosidl_generator_py.dir/rosidl_generator_py/as2_msgs/srv/_modify_swarm_s.c.o[0m
[279.828s] [ 96%] [32mBuilding C object CMakeFiles/as2_msgs__rosidl_generator_py.dir/rosidl_generator_py/as2_msgs/srv/_get_origin_s.c.o[0m
[279.828s] [ 96%] [32mBuilding C object CMakeFiles/as2_msgs__rosidl_generator_py.dir/rosidl_generator_py/as2_msgs/srv/_list_control_modes_s.c.o[0m
[279.828s] [ 96%] [32mBuilding C object CMakeFiles/as2_msgs__rosidl_generator_py.dir/rosidl_generator_py/as2_msgs/srv/_package_pick_up_s.c.o[0m
[279.830s] [ 96%] [32mBuilding C object CMakeFiles/as2_msgs__rosidl_generator_py.dir/rosidl_generator_py/as2_msgs/srv/_package_un_pick_s.c.o[0m
[279.848s] [ 96%] [32mBuilding C object CMakeFiles/as2_msgs__rosidl_generator_py.dir/rosidl_generator_py/as2_msgs/srv/_path_to_geopath_s.c.o[0m
[279.855s] [ 97%] [32mBuilding C object CMakeFiles/as2_msgs__rosidl_generator_py.dir/rosidl_generator_py/as2_msgs/srv/_set_control_mode_s.c.o[0m
[279.855s] [ 97%] [32mBuilding C object CMakeFiles/as2_msgs__rosidl_generator_py.dir/rosidl_generator_py/as2_msgs/srv/_set_geozone_s.c.o[0m
[280.218s] [ 97%] [32mBuilding C object CMakeFiles/as2_msgs__rosidl_generator_py.dir/rosidl_generator_py/as2_msgs/srv/_set_platform_state_machine_event_s.c.o[0m
[280.218s] [ 98%] [32mBuilding C object CMakeFiles/as2_msgs__rosidl_generator_py.dir/rosidl_generator_py/as2_msgs/srv/_set_speed_s.c.o[0m
[280.218s] [ 97%] [32mBuilding C object CMakeFiles/as2_msgs__rosidl_generator_py.dir/rosidl_generator_py/as2_msgs/srv/_set_origin_s.c.o[0m
[280.218s] [ 98%] [32mBuilding C object CMakeFiles/as2_msgs__rosidl_generator_py.dir/rosidl_generator_py/as2_msgs/action/_detect_aruco_markers_s.c.o[0m
[280.219s] [ 98%] [32mBuilding C object CMakeFiles/as2_msgs__rosidl_generator_py.dir/rosidl_generator_py/as2_msgs/action/_follow_path_s.c.o[0m
[280.219s] [ 98%] [32mBuilding C object CMakeFiles/as2_msgs__rosidl_generator_py.dir/rosidl_generator_py/as2_msgs/action/_follow_reference_s.c.o[0m
[280.220s] [ 98%] [32mBuilding C object CMakeFiles/as2_msgs__rosidl_generator_py.dir/rosidl_generator_py/as2_msgs/action/_generate_polynomial_trajectory_s.c.o[0m
[280.220s] [ 99%] [32mBuilding C object CMakeFiles/as2_msgs__rosidl_generator_py.dir/rosidl_generator_py/as2_msgs/action/_go_to_waypoint_s.c.o[0m
[280.614s] [ 99%] [32mBuilding C object CMakeFiles/as2_msgs__rosidl_generator_py.dir/rosidl_generator_py/as2_msgs/action/_navigate_to_point_s.c.o[0m
[280.614s] [ 99%] [32mBuilding C object CMakeFiles/as2_msgs__rosidl_generator_py.dir/rosidl_generator_py/as2_msgs/action/_point_gimbal_s.c.o[0m
[280.614s] [ 99%] [32mBuilding C object CMakeFiles/as2_msgs__rosidl_generator_py.dir/rosidl_generator_py/as2_msgs/action/_land_s.c.o[0m
[280.870s] [100%] [32mBuilding C object CMakeFiles/as2_msgs__rosidl_generator_py.dir/rosidl_generator_py/as2_msgs/action/_set_arming_state_s.c.o[0m
[280.870s] [100%] [32mBuilding C object CMakeFiles/as2_msgs__rosidl_generator_py.dir/rosidl_generator_py/as2_msgs/action/_set_offboard_mode_s.c.o[0m
[280.870s] [100%] [32mBuilding C object CMakeFiles/as2_msgs__rosidl_generator_py.dir/rosidl_generator_py/as2_msgs/action/_swarm_flocking_s.c.o[0m
[280.871s] [100%] [32mBuilding C object CMakeFiles/as2_msgs__rosidl_generator_py.dir/rosidl_generator_py/as2_msgs/action/_takeoff_s.c.o[0m
[281.408s] [100%] [32m[1mLinking C shared library rosidl_generator_py/as2_msgs/libas2_msgs__rosidl_generator_py.so[0m
[281.479s] [100%] Built target as2_msgs__rosidl_generator_py
[281.501s] [100%] [32mBuilding C object CMakeFiles/as2_msgs__rosidl_typesupport_c__pyext.dir/rosidl_generator_py/as2_msgs/_as2_msgs_s.ep.rosidl_typesupport_c.c.o[0m
[281.501s] [100%] [32mBuilding C object CMakeFiles/as2_msgs__rosidl_typesupport_introspection_c__pyext.dir/rosidl_generator_py/as2_msgs/_as2_msgs_s.ep.rosidl_typesupport_introspection_c.c.o[0m
[281.501s] [100%] [32mBuilding C object CMakeFiles/as2_msgs__rosidl_typesupport_fastrtps_c__pyext.dir/rosidl_generator_py/as2_msgs/_as2_msgs_s.ep.rosidl_typesupport_fastrtps_c.c.o[0m
[284.162s] [100%] [32m[1mLinking C shared library rosidl_generator_py/as2_msgs/as2_msgs_s__rosidl_typesupport_fastrtps_c.cpython-310-x86_64-linux-gnu.so[0m
[284.226s] [100%] [32m[1mLinking C shared library rosidl_generator_py/as2_msgs/as2_msgs_s__rosidl_typesupport_introspection_c.cpython-310-x86_64-linux-gnu.so[0m
[284.233s] [100%] [32m[1mLinking C shared library rosidl_generator_py/as2_msgs/as2_msgs_s__rosidl_typesupport_c.cpython-310-x86_64-linux-gnu.so[0m
[284.256s] [100%] Built target as2_msgs__rosidl_typesupport_fastrtps_c__pyext
[284.308s] [100%] Built target as2_msgs__rosidl_typesupport_introspection_c__pyext
[284.315s] [100%] Built target as2_msgs__rosidl_typesupport_c__pyext
[284.331s] Invoked command in '/ros2_ws/build/as2_msgs' returned '0': CMAKE_PREFIX_PATH=/opt/ros/humble /usr/bin/cmake --build /ros2_ws/build/as2_msgs -- -j8 -l8
[284.333s] Invoking command in '/ros2_ws/build/as2_msgs': CMAKE_PREFIX_PATH=/opt/ros/humble /usr/bin/cmake --install /ros2_ws/build/as2_msgs
[284.343s] -- Install configuration: "Release"
[284.345s] -- Execute custom install script
[284.345s] -- Symlinking: /ros2_ws/install/as2_msgs/share/ament_index/resource_index/rosidl_interfaces/as2_msgs
[284.359s] -- Symlinking: /ros2_ws/install/as2_msgs/include/as2_msgs/as2_msgs/action/detail/detect_aruco_markers__functions.h
[284.369s] -- Symlinking: /ros2_ws/install/as2_msgs/include/as2_msgs/as2_msgs/action/detail/detect_aruco_markers__struct.h
[284.379s] -- Symlinking: /ros2_ws/install/as2_msgs/include/as2_msgs/as2_msgs/action/detail/detect_aruco_markers__type_support.h
[284.390s] -- Symlinking: /ros2_ws/install/as2_msgs/include/as2_msgs/as2_msgs/action/detail/follow_path__functions.h
[284.399s] -- Symlinking: /ros2_ws/install/as2_msgs/include/as2_msgs/as2_msgs/action/detail/follow_path__struct.h
[284.407s] -- Symlinking: /ros2_ws/install/as2_msgs/include/as2_msgs/as2_msgs/action/detail/follow_path__type_support.h
[284.416s] -- Symlinking: /ros2_ws/install/as2_msgs/include/as2_msgs/as2_msgs/action/detail/follow_reference__functions.h
[284.425s] -- Symlinking: /ros2_ws/install/as2_msgs/include/as2_msgs/as2_msgs/action/detail/follow_reference__struct.h
[284.433s] -- Symlinking: /ros2_ws/install/as2_msgs/include/as2_msgs/as2_msgs/action/detail/follow_reference__type_support.h
[284.442s] -- Symlinking: /ros2_ws/install/as2_msgs/include/as2_msgs/as2_msgs/action/detail/generate_polynomial_trajectory__functions.h
[284.451s] -- Symlinking: /ros2_ws/install/as2_msgs/include/as2_msgs/as2_msgs/action/detail/generate_polynomial_trajectory__struct.h
[284.459s] -- Symlinking: /ros2_ws/install/as2_msgs/include/as2_msgs/as2_msgs/action/detail/generate_polynomial_trajectory__type_support.h
[284.468s] -- Symlinking: /ros2_ws/install/as2_msgs/include/as2_msgs/as2_msgs/action/detail/go_to_waypoint__functions.h
[284.477s] -- Symlinking: /ros2_ws/install/as2_msgs/include/as2_msgs/as2_msgs/action/detail/go_to_waypoint__struct.h
[284.485s] -- Symlinking: /ros2_ws/install/as2_msgs/include/as2_msgs/as2_msgs/action/detail/go_to_waypoint__type_support.h
[284.494s] -- Symlinking: /ros2_ws/install/as2_msgs/include/as2_msgs/as2_msgs/action/detail/land__functions.h
[284.502s] -- Symlinking: /ros2_ws/install/as2_msgs/include/as2_msgs/as2_msgs/action/detail/land__struct.h
[284.511s] -- Symlinking: /ros2_ws/install/as2_msgs/include/as2_msgs/as2_msgs/action/detail/land__type_support.h
[284.520s] -- Symlinking: /ros2_ws/install/as2_msgs/include/as2_msgs/as2_msgs/action/detail/navigate_to_point__functions.h
[284.528s] -- Symlinking: /ros2_ws/install/as2_msgs/include/as2_msgs/as2_msgs/action/detail/navigate_to_point__struct.h
[284.537s] -- Symlinking: /ros2_ws/install/as2_msgs/include/as2_msgs/as2_msgs/action/detail/navigate_to_point__type_support.h
[284.546s] -- Symlinking: /ros2_ws/install/as2_msgs/include/as2_msgs/as2_msgs/action/detail/point_gimbal__functions.h
[284.554s] -- Symlinking: /ros2_ws/install/as2_msgs/include/as2_msgs/as2_msgs/action/detail/point_gimbal__struct.h
[284.563s] -- Symlinking: /ros2_ws/install/as2_msgs/include/as2_msgs/as2_msgs/action/detail/point_gimbal__type_support.h
[284.572s] -- Symlinking: /ros2_ws/install/as2_msgs/include/as2_msgs/as2_msgs/action/detail/set_arming_state__functions.h
[284.580s] -- Symlinking: /ros2_ws/install/as2_msgs/include/as2_msgs/as2_msgs/action/detail/set_arming_state__struct.h
[284.589s] -- Symlinking: /ros2_ws/install/as2_msgs/include/as2_msgs/as2_msgs/action/detail/set_arming_state__type_support.h
[284.599s] -- Symlinking: /ros2_ws/install/as2_msgs/include/as2_msgs/as2_msgs/action/detail/set_offboard_mode__functions.h
[284.608s] -- Symlinking: /ros2_ws/install/as2_msgs/include/as2_msgs/as2_msgs/action/detail/set_offboard_mode__struct.h
[284.618s] -- Symlinking: /ros2_ws/install/as2_msgs/include/as2_msgs/as2_msgs/action/detail/set_offboard_mode__type_support.h
[284.628s] -- Symlinking: /ros2_ws/install/as2_msgs/include/as2_msgs/as2_msgs/action/detail/swarm_flocking__functions.h
[284.639s] -- Symlinking: /ros2_ws/install/as2_msgs/include/as2_msgs/as2_msgs/action/detail/swarm_flocking__struct.h
[284.649s] -- Symlinking: /ros2_ws/install/as2_msgs/include/as2_msgs/as2_msgs/action/detail/swarm_flocking__type_support.h
[284.659s] -- Symlinking: /ros2_ws/install/as2_msgs/include/as2_msgs/as2_msgs/action/detail/takeoff__functions.h
[284.669s] -- Symlinking: /ros2_ws/install/as2_msgs/include/as2_msgs/as2_msgs/action/detail/takeoff__struct.h
[284.679s] -- Symlinking: /ros2_ws/install/as2_msgs/include/as2_msgs/as2_msgs/action/detail/takeoff__type_support.h
[284.690s] -- Symlinking: /ros2_ws/install/as2_msgs/include/as2_msgs/as2_msgs/action/detect_aruco_markers.h
[284.700s] -- Symlinking: /ros2_ws/install/as2_msgs/include/as2_msgs/as2_msgs/action/follow_path.h
[284.710s] -- Symlinking: /ros2_ws/install/as2_msgs/include/as2_msgs/as2_msgs/action/follow_reference.h
[284.720s] -- Symlinking: /ros2_ws/install/as2_msgs/include/as2_msgs/as2_msgs/action/generate_polynomial_trajectory.h
[284.730s] -- Symlinking: /ros2_ws/install/as2_msgs/include/as2_msgs/as2_msgs/action/go_to_waypoint.h
[284.741s] -- Symlinking: /ros2_ws/install/as2_msgs/include/as2_msgs/as2_msgs/action/land.h
[284.752s] -- Symlinking: /ros2_ws/install/as2_msgs/include/as2_msgs/as2_msgs/action/navigate_to_point.h
[284.764s] -- Symlinking: /ros2_ws/install/as2_msgs/include/as2_msgs/as2_msgs/action/point_gimbal.h
[284.776s] -- Symlinking: /ros2_ws/install/as2_msgs/include/as2_msgs/as2_msgs/action/set_arming_state.h
[284.787s] -- Symlinking: /ros2_ws/install/as2_msgs/include/as2_msgs/as2_msgs/action/set_offboard_mode.h
[284.797s] -- Symlinking: /ros2_ws/install/as2_msgs/include/as2_msgs/as2_msgs/action/swarm_flocking.h
[284.806s] -- Symlinking: /ros2_ws/install/as2_msgs/include/as2_msgs/as2_msgs/action/takeoff.h
[284.815s] -- Symlinking: /ros2_ws/install/as2_msgs/include/as2_msgs/as2_msgs/msg/acro.h
[284.823s] -- Symlinking: /ros2_ws/install/as2_msgs/include/as2_msgs/as2_msgs/msg/alert_event.h
[284.832s] -- Symlinking: /ros2_ws/install/as2_msgs/include/as2_msgs/as2_msgs/msg/behavior_status.h
[284.841s] -- Symlinking: /ros2_ws/install/as2_msgs/include/as2_msgs/as2_msgs/msg/control_mode.h
[284.849s] -- Symlinking: /ros2_ws/install/as2_msgs/include/as2_msgs/as2_msgs/msg/controller_info.h
[284.858s] -- Symlinking: /ros2_ws/install/as2_msgs/include/as2_msgs/as2_msgs/msg/detail/acro__functions.h
[284.866s] -- Symlinking: /ros2_ws/install/as2_msgs/include/as2_msgs/as2_msgs/msg/detail/acro__struct.h
[284.875s] -- Symlinking: /ros2_ws/install/as2_msgs/include/as2_msgs/as2_msgs/msg/detail/acro__type_support.h
[284.884s] -- Symlinking: /ros2_ws/install/as2_msgs/include/as2_msgs/as2_msgs/msg/detail/alert_event__functions.h
[284.893s] -- Symlinking: /ros2_ws/install/as2_msgs/include/as2_msgs/as2_msgs/msg/detail/alert_event__struct.h
[284.901s] -- Symlinking: /ros2_ws/install/as2_msgs/include/as2_msgs/as2_msgs/msg/detail/alert_event__type_support.h
[284.911s] -- Symlinking: /ros2_ws/install/as2_msgs/include/as2_msgs/as2_msgs/msg/detail/behavior_status__functions.h
[284.921s] -- Symlinking: /ros2_ws/install/as2_msgs/include/as2_msgs/as2_msgs/msg/detail/behavior_status__struct.h
[284.931s] -- Symlinking: /ros2_ws/install/as2_msgs/include/as2_msgs/as2_msgs/msg/detail/behavior_status__type_support.h
[284.943s] -- Symlinking: /ros2_ws/install/as2_msgs/include/as2_msgs/as2_msgs/msg/detail/control_mode__functions.h
[284.953s] -- Symlinking: /ros2_ws/install/as2_msgs/include/as2_msgs/as2_msgs/msg/detail/control_mode__struct.h
[284.963s] -- Symlinking: /ros2_ws/install/as2_msgs/include/as2_msgs/as2_msgs/msg/detail/control_mode__type_support.h
[284.974s] -- Symlinking: /ros2_ws/install/as2_msgs/include/as2_msgs/as2_msgs/msg/detail/controller_info__functions.h
[284.984s] -- Symlinking: /ros2_ws/install/as2_msgs/include/as2_msgs/as2_msgs/msg/detail/controller_info__struct.h
[284.994s] -- Symlinking: /ros2_ws/install/as2_msgs/include/as2_msgs/as2_msgs/msg/detail/controller_info__type_support.h
[285.004s] -- Symlinking: /ros2_ws/install/as2_msgs/include/as2_msgs/as2_msgs/msg/detail/follow_target_info__functions.h
[285.014s] -- Symlinking: /ros2_ws/install/as2_msgs/include/as2_msgs/as2_msgs/msg/detail/follow_target_info__struct.h
[285.025s] -- Symlinking: /ros2_ws/install/as2_msgs/include/as2_msgs/as2_msgs/msg/detail/follow_target_info__type_support.h
[285.035s] -- Symlinking: /ros2_ws/install/as2_msgs/include/as2_msgs/as2_msgs/msg/detail/geozone__functions.h
[285.047s] -- Symlinking: /ros2_ws/install/as2_msgs/include/as2_msgs/as2_msgs/msg/detail/geozone__struct.h
[285.059s] -- Symlinking: /ros2_ws/install/as2_msgs/include/as2_msgs/as2_msgs/msg/detail/geozone__type_support.h
[285.069s] -- Symlinking: /ros2_ws/install/as2_msgs/include/as2_msgs/as2_msgs/msg/detail/gimbal_control__functions.h
[285.079s] -- Symlinking: /ros2_ws/install/as2_msgs/include/as2_msgs/as2_msgs/msg/detail/gimbal_control__struct.h
[285.089s] -- Symlinking: /ros2_ws/install/as2_msgs/include/as2_msgs/as2_msgs/msg/detail/gimbal_control__type_support.h
[285.098s] -- Symlinking: /ros2_ws/install/as2_msgs/include/as2_msgs/as2_msgs/msg/detail/mission_event__functions.h
[285.108s] -- Symlinking: /ros2_ws/install/as2_msgs/include/as2_msgs/as2_msgs/msg/detail/mission_event__struct.h
[285.118s] -- Symlinking: /ros2_ws/install/as2_msgs/include/as2_msgs/as2_msgs/msg/detail/mission_event__type_support.h
[285.130s] -- Symlinking: /ros2_ws/install/as2_msgs/include/as2_msgs/as2_msgs/msg/detail/mission_update__functions.h
[285.143s] -- Symlinking: /ros2_ws/install/as2_msgs/include/as2_msgs/as2_msgs/msg/detail/mission_update__struct.h
[285.153s] -- Symlinking: /ros2_ws/install/as2_msgs/include/as2_msgs/as2_msgs/msg/detail/mission_update__type_support.h
[285.163s] -- Symlinking: /ros2_ws/install/as2_msgs/include/as2_msgs/as2_msgs/msg/detail/node_status__functions.h
[285.174s] -- Symlinking: /ros2_ws/install/as2_msgs/include/as2_msgs/as2_msgs/msg/detail/node_status__struct.h
[285.184s] -- Symlinking: /ros2_ws/install/as2_msgs/include/as2_msgs/as2_msgs/msg/detail/node_status__type_support.h
[285.194s] -- Symlinking: /ros2_ws/install/as2_msgs/include/as2_msgs/as2_msgs/msg/detail/platform_info__functions.h
[285.205s] -- Symlinking: /ros2_ws/install/as2_msgs/include/as2_msgs/as2_msgs/msg/detail/platform_info__struct.h
[285.215s] -- Symlinking: /ros2_ws/install/as2_msgs/include/as2_msgs/as2_msgs/msg/detail/platform_info__type_support.h
[285.224s] -- Symlinking: /ros2_ws/install/as2_msgs/include/as2_msgs/as2_msgs/msg/detail/platform_state_machine_event__functions.h
[285.233s] -- Symlinking: /ros2_ws/install/as2_msgs/include/as2_msgs/as2_msgs/msg/detail/platform_state_machine_event__struct.h
[285.242s] -- Symlinking: /ros2_ws/install/as2_msgs/include/as2_msgs/as2_msgs/msg/detail/platform_state_machine_event__type_support.h
[285.251s] -- Symlinking: /ros2_ws/install/as2_msgs/include/as2_msgs/as2_msgs/msg/detail/platform_status__functions.h
[285.259s] -- Symlinking: /ros2_ws/install/as2_msgs/include/as2_msgs/as2_msgs/msg/detail/platform_status__struct.h
[285.268s] -- Symlinking: /ros2_ws/install/as2_msgs/include/as2_msgs/as2_msgs/msg/detail/platform_status__type_support.h
[285.276s] -- Symlinking: /ros2_ws/install/as2_msgs/include/as2_msgs/as2_msgs/msg/detail/polygon_list__functions.h
[285.284s] -- Symlinking: /ros2_ws/install/as2_msgs/include/as2_msgs/as2_msgs/msg/detail/polygon_list__struct.h
[285.293s] -- Symlinking: /ros2_ws/install/as2_msgs/include/as2_msgs/as2_msgs/msg/detail/polygon_list__type_support.h
[285.303s] -- Symlinking: /ros2_ws/install/as2_msgs/include/as2_msgs/as2_msgs/msg/detail/pose_stamped_with_id__functions.h
[285.312s] -- Symlinking: /ros2_ws/install/as2_msgs/include/as2_msgs/as2_msgs/msg/detail/pose_stamped_with_id__struct.h
[285.321s] -- Symlinking: /ros2_ws/install/as2_msgs/include/as2_msgs/as2_msgs/msg/detail/pose_stamped_with_id__type_support.h
[285.331s] -- Symlinking: /ros2_ws/install/as2_msgs/include/as2_msgs/as2_msgs/msg/detail/pose_stamped_with_id_array__functions.h
[285.341s] -- Symlinking: /ros2_ws/install/as2_msgs/include/as2_msgs/as2_msgs/msg/detail/pose_stamped_with_id_array__struct.h
[285.353s] -- Symlinking: /ros2_ws/install/as2_msgs/include/as2_msgs/as2_msgs/msg/detail/pose_stamped_with_id_array__type_support.h
[285.362s] -- Symlinking: /ros2_ws/install/as2_msgs/include/as2_msgs/as2_msgs/msg/detail/pose_with_id__functions.h
[285.371s] -- Symlinking: /ros2_ws/install/as2_msgs/include/as2_msgs/as2_msgs/msg/detail/pose_with_id__struct.h
[285.380s] -- Symlinking: /ros2_ws/install/as2_msgs/include/as2_msgs/as2_msgs/msg/detail/pose_with_id__type_support.h
[285.389s] -- Symlinking: /ros2_ws/install/as2_msgs/include/as2_msgs/as2_msgs/msg/detail/pose_with_id_array__functions.h
[285.397s] -- Symlinking: /ros2_ws/install/as2_msgs/include/as2_msgs/as2_msgs/msg/detail/pose_with_id_array__struct.h
[285.406s] -- Symlinking: /ros2_ws/install/as2_msgs/include/as2_msgs/as2_msgs/msg/detail/pose_with_id_array__type_support.h
[285.414s] -- Symlinking: /ros2_ws/install/as2_msgs/include/as2_msgs/as2_msgs/msg/detail/speed__functions.h
[285.423s] -- Symlinking: /ros2_ws/install/as2_msgs/include/as2_msgs/as2_msgs/msg/detail/speed__struct.h
[285.431s] -- Symlinking: /ros2_ws/install/as2_msgs/include/as2_msgs/as2_msgs/msg/detail/speed__type_support.h
[285.440s] -- Symlinking: /ros2_ws/install/as2_msgs/include/as2_msgs/as2_msgs/msg/detail/thrust__functions.h
[285.448s] -- Symlinking: /ros2_ws/install/as2_msgs/include/as2_msgs/as2_msgs/msg/detail/thrust__struct.h
[285.457s] -- Symlinking: /ros2_ws/install/as2_msgs/include/as2_msgs/as2_msgs/msg/detail/thrust__type_support.h
[285.465s] -- Symlinking: /ros2_ws/install/as2_msgs/include/as2_msgs/as2_msgs/msg/detail/traj_gen_info__functions.h
[285.474s] -- Symlinking: /ros2_ws/install/as2_msgs/include/as2_msgs/as2_msgs/msg/detail/traj_gen_info__struct.h
[285.482s] -- Symlinking: /ros2_ws/install/as2_msgs/include/as2_msgs/as2_msgs/msg/detail/traj_gen_info__type_support.h
[285.490s] -- Symlinking: /ros2_ws/install/as2_msgs/include/as2_msgs/as2_msgs/msg/detail/trajectory_point__functions.h
[285.499s] -- Symlinking: /ros2_ws/install/as2_msgs/include/as2_msgs/as2_msgs/msg/detail/trajectory_point__struct.h
[285.507s] -- Symlinking: /ros2_ws/install/as2_msgs/include/as2_msgs/as2_msgs/msg/detail/trajectory_point__type_support.h
[285.516s] -- Symlinking: /ros2_ws/install/as2_msgs/include/as2_msgs/as2_msgs/msg/detail/trajectory_setpoints__functions.h
[285.524s] -- Symlinking: /ros2_ws/install/as2_msgs/include/as2_msgs/as2_msgs/msg/detail/trajectory_setpoints__struct.h
[285.533s] -- Symlinking: /ros2_ws/install/as2_msgs/include/as2_msgs/as2_msgs/msg/detail/trajectory_setpoints__type_support.h
[285.541s] -- Symlinking: /ros2_ws/install/as2_msgs/include/as2_msgs/as2_msgs/msg/detail/u_int16_multi_array_stamped__functions.h
[285.550s] -- Symlinking: /ros2_ws/install/as2_msgs/include/as2_msgs/as2_msgs/msg/detail/u_int16_multi_array_stamped__struct.h
[285.558s] -- Symlinking: /ros2_ws/install/as2_msgs/include/as2_msgs/as2_msgs/msg/detail/u_int16_multi_array_stamped__type_support.h
[285.566s] -- Symlinking: /ros2_ws/install/as2_msgs/include/as2_msgs/as2_msgs/msg/detail/yaw_mode__functions.h
[285.575s] -- Symlinking: /ros2_ws/install/as2_msgs/include/as2_msgs/as2_msgs/msg/detail/yaw_mode__struct.h
[285.583s] -- Symlinking: /ros2_ws/install/as2_msgs/include/as2_msgs/as2_msgs/msg/detail/yaw_mode__type_support.h
[285.592s] -- Symlinking: /ros2_ws/install/as2_msgs/include/as2_msgs/as2_msgs/msg/follow_target_info.h
[285.601s] -- Symlinking: /ros2_ws/install/as2_msgs/include/as2_msgs/as2_msgs/msg/geozone.h
[285.611s] -- Symlinking: /ros2_ws/install/as2_msgs/include/as2_msgs/as2_msgs/msg/gimbal_control.h
[285.620s] -- Symlinking: /ros2_ws/install/as2_msgs/include/as2_msgs/as2_msgs/msg/mission_event.h
[285.629s] -- Symlinking: /ros2_ws/install/as2_msgs/include/as2_msgs/as2_msgs/msg/mission_update.h
[285.637s] -- Symlinking: /ros2_ws/install/as2_msgs/include/as2_msgs/as2_msgs/msg/node_status.h
[285.646s] -- Symlinking: /ros2_ws/install/as2_msgs/include/as2_msgs/as2_msgs/msg/platform_info.h
[285.655s] -- Symlinking: /ros2_ws/install/as2_msgs/include/as2_msgs/as2_msgs/msg/platform_state_machine_event.h
[285.663s] -- Symlinking: /ros2_ws/install/as2_msgs/include/as2_msgs/as2_msgs/msg/platform_status.h
[285.672s] -- Symlinking: /ros2_ws/install/as2_msgs/include/as2_msgs/as2_msgs/msg/polygon_list.h
[285.681s] -- Symlinking: /ros2_ws/install/as2_msgs/include/as2_msgs/as2_msgs/msg/pose_stamped_with_id.h
[285.689s] -- Symlinking: /ros2_ws/install/as2_msgs/include/as2_msgs/as2_msgs/msg/pose_stamped_with_id_array.h
[285.698s] -- Symlinking: /ros2_ws/install/as2_msgs/include/as2_msgs/as2_msgs/msg/pose_with_id.h
[285.707s] -- Symlinking: /ros2_ws/install/as2_msgs/include/as2_msgs/as2_msgs/msg/pose_with_id_array.h
[285.716s] -- Symlinking: /ros2_ws/install/as2_msgs/include/as2_msgs/as2_msgs/msg/rosidl_generator_c__visibility_control.h
[285.724s] -- Symlinking: /ros2_ws/install/as2_msgs/include/as2_msgs/as2_msgs/msg/speed.h
[285.733s] -- Symlinking: /ros2_ws/install/as2_msgs/include/as2_msgs/as2_msgs/msg/thrust.h
[285.742s] -- Symlinking: /ros2_ws/install/as2_msgs/include/as2_msgs/as2_msgs/msg/traj_gen_info.h
[285.750s] -- Symlinking: /ros2_ws/install/as2_msgs/include/as2_msgs/as2_msgs/msg/trajectory_point.h
[285.759s] -- Symlinking: /ros2_ws/install/as2_msgs/include/as2_msgs/as2_msgs/msg/trajectory_setpoints.h
[285.767s] -- Symlinking: /ros2_ws/install/as2_msgs/include/as2_msgs/as2_msgs/msg/u_int16_multi_array_stamped.h
[285.776s] -- Symlinking: /ros2_ws/install/as2_msgs/include/as2_msgs/as2_msgs/msg/yaw_mode.h
[285.785s] -- Symlinking: /ros2_ws/install/as2_msgs/include/as2_msgs/as2_msgs/srv/add_static_transform.h
[285.793s] -- Symlinking: /ros2_ws/install/as2_msgs/include/as2_msgs/as2_msgs/srv/add_static_transform_gps.h
[285.802s] -- Symlinking: /ros2_ws/install/as2_msgs/include/as2_msgs/as2_msgs/srv/detail/add_static_transform__functions.h
[285.811s] -- Symlinking: /ros2_ws/install/as2_msgs/include/as2_msgs/as2_msgs/srv/detail/add_static_transform__struct.h
[285.819s] -- Symlinking: /ros2_ws/install/as2_msgs/include/as2_msgs/as2_msgs/srv/detail/add_static_transform__type_support.h
[285.828s] -- Symlinking: /ros2_ws/install/as2_msgs/include/as2_msgs/as2_msgs/srv/detail/add_static_transform_gps__functions.h
[285.836s] -- Symlinking: /ros2_ws/install/as2_msgs/include/as2_msgs/as2_msgs/srv/detail/add_static_transform_gps__struct.h
[285.845s] -- Symlinking: /ros2_ws/install/as2_msgs/include/as2_msgs/as2_msgs/srv/detail/add_static_transform_gps__type_support.h
[285.854s] -- Symlinking: /ros2_ws/install/as2_msgs/include/as2_msgs/as2_msgs/srv/detail/dynamic_follower__functions.h
[285.862s] -- Symlinking: /ros2_ws/install/as2_msgs/include/as2_msgs/as2_msgs/srv/detail/dynamic_follower__struct.h
[285.871s] -- Symlinking: /ros2_ws/install/as2_msgs/include/as2_msgs/as2_msgs/srv/detail/dynamic_follower__type_support.h
[285.879s] -- Symlinking: /ros2_ws/install/as2_msgs/include/as2_msgs/as2_msgs/srv/detail/dynamic_land__functions.h
[285.888s] -- Symlinking: /ros2_ws/install/as2_msgs/include/as2_msgs/as2_msgs/srv/detail/dynamic_land__struct.h
[285.897s] -- Symlinking: /ros2_ws/install/as2_msgs/include/as2_msgs/as2_msgs/srv/detail/dynamic_land__type_support.h
[285.906s] -- Symlinking: /ros2_ws/install/as2_msgs/include/as2_msgs/as2_msgs/srv/detail/geopath_to_path__functions.h
[285.917s] -- Symlinking: /ros2_ws/install/as2_msgs/include/as2_msgs/as2_msgs/srv/detail/geopath_to_path__struct.h
[285.926s] -- Symlinking: /ros2_ws/install/as2_msgs/include/as2_msgs/as2_msgs/srv/detail/geopath_to_path__type_support.h
[285.935s] -- Symlinking: /ros2_ws/install/as2_msgs/include/as2_msgs/as2_msgs/srv/detail/get_geozone__functions.h
[285.944s] -- Symlinking: /ros2_ws/install/as2_msgs/include/as2_msgs/as2_msgs/srv/detail/get_geozone__struct.h
[285.953s] -- Symlinking: /ros2_ws/install/as2_msgs/include/as2_msgs/as2_msgs/srv/detail/get_geozone__type_support.h
[285.962s] -- Symlinking: /ros2_ws/install/as2_msgs/include/as2_msgs/as2_msgs/srv/detail/get_origin__functions.h
[285.972s] -- Symlinking: /ros2_ws/install/as2_msgs/include/as2_msgs/as2_msgs/srv/detail/get_origin__struct.h
[285.981s] -- Symlinking: /ros2_ws/install/as2_msgs/include/as2_msgs/as2_msgs/srv/detail/get_origin__type_support.h
[285.990s] -- Symlinking: /ros2_ws/install/as2_msgs/include/as2_msgs/as2_msgs/srv/detail/list_control_modes__functions.h
[285.999s] -- Symlinking: /ros2_ws/install/as2_msgs/include/as2_msgs/as2_msgs/srv/detail/list_control_modes__struct.h
[286.008s] -- Symlinking: /ros2_ws/install/as2_msgs/include/as2_msgs/as2_msgs/srv/detail/list_control_modes__type_support.h
[286.017s] -- Symlinking: /ros2_ws/install/as2_msgs/include/as2_msgs/as2_msgs/srv/detail/modify_swarm__functions.h
[286.027s] -- Symlinking: /ros2_ws/install/as2_msgs/include/as2_msgs/as2_msgs/srv/detail/modify_swarm__struct.h
[286.036s] -- Symlinking: /ros2_ws/install/as2_msgs/include/as2_msgs/as2_msgs/srv/detail/modify_swarm__type_support.h
[286.045s] -- Symlinking: /ros2_ws/install/as2_msgs/include/as2_msgs/as2_msgs/srv/detail/package_pick_up__functions.h
[286.055s] -- Symlinking: /ros2_ws/install/as2_msgs/include/as2_msgs/as2_msgs/srv/detail/package_pick_up__struct.h
[286.064s] -- Symlinking: /ros2_ws/install/as2_msgs/include/as2_msgs/as2_msgs/srv/detail/package_pick_up__type_support.h
[286.073s] -- Symlinking: /ros2_ws/install/as2_msgs/include/as2_msgs/as2_msgs/srv/detail/package_un_pick__functions.h
[286.082s] -- Symlinking: /ros2_ws/install/as2_msgs/include/as2_msgs/as2_msgs/srv/detail/package_un_pick__struct.h
[286.091s] -- Symlinking: /ros2_ws/install/as2_msgs/include/as2_msgs/as2_msgs/srv/detail/package_un_pick__type_support.h
[286.101s] -- Symlinking: /ros2_ws/install/as2_msgs/include/as2_msgs/as2_msgs/srv/detail/path_to_geopath__functions.h
[286.110s] -- Symlinking: /ros2_ws/install/as2_msgs/include/as2_msgs/as2_msgs/srv/detail/path_to_geopath__struct.h
[286.119s] -- Symlinking: /ros2_ws/install/as2_msgs/include/as2_msgs/as2_msgs/srv/detail/path_to_geopath__type_support.h
[286.128s] -- Symlinking: /ros2_ws/install/as2_msgs/include/as2_msgs/as2_msgs/srv/detail/set_control_mode__functions.h
[286.137s] -- Symlinking: /ros2_ws/install/as2_msgs/include/as2_msgs/as2_msgs/srv/detail/set_control_mode__struct.h
[286.146s] -- Symlinking: /ros2_ws/install/as2_msgs/include/as2_msgs/as2_msgs/srv/detail/set_control_mode__type_support.h
[286.156s] -- Symlinking: /ros2_ws/install/as2_msgs/include/as2_msgs/as2_msgs/srv/detail/set_geozone__functions.h
[286.165s] -- Symlinking: /ros2_ws/install/as2_msgs/include/as2_msgs/as2_msgs/srv/detail/set_geozone__struct.h
[286.174s] -- Symlinking: /ros2_ws/install/as2_msgs/include/as2_msgs/as2_msgs/srv/detail/set_geozone__type_support.h
[286.183s] -- Symlinking: /ros2_ws/install/as2_msgs/include/as2_msgs/as2_msgs/srv/detail/set_origin__functions.h
[286.192s] -- Symlinking: /ros2_ws/install/as2_msgs/include/as2_msgs/as2_msgs/srv/detail/set_origin__struct.h
[286.201s] -- Symlinking: /ros2_ws/install/as2_msgs/include/as2_msgs/as2_msgs/srv/detail/set_origin__type_support.h
[286.210s] -- Symlinking: /ros2_ws/install/as2_msgs/include/as2_msgs/as2_msgs/srv/detail/set_platform_state_machine_event__functions.h
[286.219s] -- Symlinking: /ros2_ws/install/as2_msgs/include/as2_msgs/as2_msgs/srv/detail/set_platform_state_machine_event__struct.h
[286.229s] -- Symlinking: /ros2_ws/install/as2_msgs/include/as2_msgs/as2_msgs/srv/detail/set_platform_state_machine_event__type_support.h
[286.238s] -- Symlinking: /ros2_ws/install/as2_msgs/include/as2_msgs/as2_msgs/srv/detail/set_speed__functions.h
[286.247s] -- Symlinking: /ros2_ws/install/as2_msgs/include/as2_msgs/as2_msgs/srv/detail/set_speed__struct.h
[286.256s] -- Symlinking: /ros2_ws/install/as2_msgs/include/as2_msgs/as2_msgs/srv/detail/set_speed__type_support.h
[286.265s] -- Symlinking: /ros2_ws/install/as2_msgs/include/as2_msgs/as2_msgs/srv/dynamic_follower.h
[286.274s] -- Symlinking: /ros2_ws/install/as2_msgs/include/as2_msgs/as2_msgs/srv/dynamic_land.h
[286.283s] -- Symlinking: /ros2_ws/install/as2_msgs/include/as2_msgs/as2_msgs/srv/geopath_to_path.h
[286.292s] -- Symlinking: /ros2_ws/install/as2_msgs/include/as2_msgs/as2_msgs/srv/get_geozone.h
[286.302s] -- Symlinking: /ros2_ws/install/as2_msgs/include/as2_msgs/as2_msgs/srv/get_origin.h
[286.310s] -- Symlinking: /ros2_ws/install/as2_msgs/include/as2_msgs/as2_msgs/srv/list_control_modes.h
[286.319s] -- Symlinking: /ros2_ws/install/as2_msgs/include/as2_msgs/as2_msgs/srv/modify_swarm.h
[286.330s] -- Symlinking: /ros2_ws/install/as2_msgs/include/as2_msgs/as2_msgs/srv/package_pick_up.h
[286.339s] -- Symlinking: /ros2_ws/install/as2_msgs/include/as2_msgs/as2_msgs/srv/package_un_pick.h
[286.350s] -- Symlinking: /ros2_ws/install/as2_msgs/include/as2_msgs/as2_msgs/srv/path_to_geopath.h
[286.360s] -- Symlinking: /ros2_ws/install/as2_msgs/include/as2_msgs/as2_msgs/srv/set_control_mode.h
[286.370s] -- Symlinking: /ros2_ws/install/as2_msgs/include/as2_msgs/as2_msgs/srv/set_geozone.h
[286.379s] -- Symlinking: /ros2_ws/install/as2_msgs/include/as2_msgs/as2_msgs/srv/set_origin.h
[286.388s] -- Symlinking: /ros2_ws/install/as2_msgs/include/as2_msgs/as2_msgs/srv/set_platform_state_machine_event.h
[286.396s] -- Symlinking: /ros2_ws/install/as2_msgs/include/as2_msgs/as2_msgs/srv/set_speed.h
[286.406s] -- Symlinking: /ros2_ws/install/as2_msgs/share/as2_msgs/environment/library_path.sh
[286.415s] -- Symlinking: /ros2_ws/install/as2_msgs/share/as2_msgs/environment/library_path.dsv
[286.426s] -- Symlinking: /ros2_ws/install/as2_msgs/include/as2_msgs/as2_msgs/action/detail/detect_aruco_markers__rosidl_typesupport_fastrtps_c.h
[286.437s] -- Symlinking: /ros2_ws/install/as2_msgs/include/as2_msgs/as2_msgs/action/detail/follow_path__rosidl_typesupport_fastrtps_c.h
[286.447s] -- Symlinking: /ros2_ws/install/as2_msgs/include/as2_msgs/as2_msgs/action/detail/follow_reference__rosidl_typesupport_fastrtps_c.h
[286.458s] -- Symlinking: /ros2_ws/install/as2_msgs/include/as2_msgs/as2_msgs/action/detail/generate_polynomial_trajectory__rosidl_typesupport_fastrtps_c.h
[286.467s] -- Symlinking: /ros2_ws/install/as2_msgs/include/as2_msgs/as2_msgs/action/detail/go_to_waypoint__rosidl_typesupport_fastrtps_c.h
[286.476s] -- Symlinking: /ros2_ws/install/as2_msgs/include/as2_msgs/as2_msgs/action/detail/land__rosidl_typesupport_fastrtps_c.h
[286.485s] -- Symlinking: /ros2_ws/install/as2_msgs/include/as2_msgs/as2_msgs/action/detail/navigate_to_point__rosidl_typesupport_fastrtps_c.h
[286.494s] -- Symlinking: /ros2_ws/install/as2_msgs/include/as2_msgs/as2_msgs/action/detail/point_gimbal__rosidl_typesupport_fastrtps_c.h
[286.503s] -- Symlinking: /ros2_ws/install/as2_msgs/include/as2_msgs/as2_msgs/action/detail/set_arming_state__rosidl_typesupport_fastrtps_c.h
[286.512s] -- Symlinking: /ros2_ws/install/as2_msgs/include/as2_msgs/as2_msgs/action/detail/set_offboard_mode__rosidl_typesupport_fastrtps_c.h
[286.520s] -- Symlinking: /ros2_ws/install/as2_msgs/include/as2_msgs/as2_msgs/action/detail/swarm_flocking__rosidl_typesupport_fastrtps_c.h
[286.529s] -- Symlinking: /ros2_ws/install/as2_msgs/include/as2_msgs/as2_msgs/action/detail/takeoff__rosidl_typesupport_fastrtps_c.h
[286.538s] -- Symlinking: /ros2_ws/install/as2_msgs/include/as2_msgs/as2_msgs/msg/detail/acro__rosidl_typesupport_fastrtps_c.h
[286.546s] -- Symlinking: /ros2_ws/install/as2_msgs/include/as2_msgs/as2_msgs/msg/detail/alert_event__rosidl_typesupport_fastrtps_c.h
[286.555s] -- Symlinking: /ros2_ws/install/as2_msgs/include/as2_msgs/as2_msgs/msg/detail/behavior_status__rosidl_typesupport_fastrtps_c.h
[286.564s] -- Symlinking: /ros2_ws/install/as2_msgs/include/as2_msgs/as2_msgs/msg/detail/control_mode__rosidl_typesupport_fastrtps_c.h
[286.572s] -- Symlinking: /ros2_ws/install/as2_msgs/include/as2_msgs/as2_msgs/msg/detail/controller_info__rosidl_typesupport_fastrtps_c.h
[286.581s] -- Symlinking: /ros2_ws/install/as2_msgs/include/as2_msgs/as2_msgs/msg/detail/follow_target_info__rosidl_typesupport_fastrtps_c.h
[286.590s] -- Symlinking: /ros2_ws/install/as2_msgs/include/as2_msgs/as2_msgs/msg/detail/geozone__rosidl_typesupport_fastrtps_c.h
[286.599s] -- Symlinking: /ros2_ws/install/as2_msgs/include/as2_msgs/as2_msgs/msg/detail/gimbal_control__rosidl_typesupport_fastrtps_c.h
[286.608s] -- Symlinking: /ros2_ws/install/as2_msgs/include/as2_msgs/as2_msgs/msg/detail/mission_event__rosidl_typesupport_fastrtps_c.h
[286.619s] -- Symlinking: /ros2_ws/install/as2_msgs/include/as2_msgs/as2_msgs/msg/detail/mission_update__rosidl_typesupport_fastrtps_c.h
[286.628s] -- Symlinking: /ros2_ws/install/as2_msgs/include/as2_msgs/as2_msgs/msg/detail/node_status__rosidl_typesupport_fastrtps_c.h
[286.640s] -- Symlinking: /ros2_ws/install/as2_msgs/include/as2_msgs/as2_msgs/msg/detail/platform_info__rosidl_typesupport_fastrtps_c.h
[286.649s] -- Symlinking: /ros2_ws/install/as2_msgs/include/as2_msgs/as2_msgs/msg/detail/platform_state_machine_event__rosidl_typesupport_fastrtps_c.h
[286.659s] -- Symlinking: /ros2_ws/install/as2_msgs/include/as2_msgs/as2_msgs/msg/detail/platform_status__rosidl_typesupport_fastrtps_c.h
[286.668s] -- Symlinking: /ros2_ws/install/as2_msgs/include/as2_msgs/as2_msgs/msg/detail/polygon_list__rosidl_typesupport_fastrtps_c.h
[286.677s] -- Symlinking: /ros2_ws/install/as2_msgs/include/as2_msgs/as2_msgs/msg/detail/pose_stamped_with_id__rosidl_typesupport_fastrtps_c.h
[286.687s] -- Symlinking: /ros2_ws/install/as2_msgs/include/as2_msgs/as2_msgs/msg/detail/pose_stamped_with_id_array__rosidl_typesupport_fastrtps_c.h
[286.696s] -- Symlinking: /ros2_ws/install/as2_msgs/include/as2_msgs/as2_msgs/msg/detail/pose_with_id__rosidl_typesupport_fastrtps_c.h
[286.706s] -- Symlinking: /ros2_ws/install/as2_msgs/include/as2_msgs/as2_msgs/msg/detail/pose_with_id_array__rosidl_typesupport_fastrtps_c.h
[286.715s] -- Symlinking: /ros2_ws/install/as2_msgs/include/as2_msgs/as2_msgs/msg/detail/speed__rosidl_typesupport_fastrtps_c.h
[286.724s] -- Symlinking: /ros2_ws/install/as2_msgs/include/as2_msgs/as2_msgs/msg/detail/thrust__rosidl_typesupport_fastrtps_c.h
[286.734s] -- Symlinking: /ros2_ws/install/as2_msgs/include/as2_msgs/as2_msgs/msg/detail/traj_gen_info__rosidl_typesupport_fastrtps_c.h
[286.744s] -- Symlinking: /ros2_ws/install/as2_msgs/include/as2_msgs/as2_msgs/msg/detail/trajectory_point__rosidl_typesupport_fastrtps_c.h
[286.755s] -- Symlinking: /ros2_ws/install/as2_msgs/include/as2_msgs/as2_msgs/msg/detail/trajectory_setpoints__rosidl_typesupport_fastrtps_c.h
[286.765s] -- Symlinking: /ros2_ws/install/as2_msgs/include/as2_msgs/as2_msgs/msg/detail/u_int16_multi_array_stamped__rosidl_typesupport_fastrtps_c.h
[286.774s] -- Symlinking: /ros2_ws/install/as2_msgs/include/as2_msgs/as2_msgs/msg/detail/yaw_mode__rosidl_typesupport_fastrtps_c.h
[286.784s] -- Symlinking: /ros2_ws/install/as2_msgs/include/as2_msgs/as2_msgs/msg/rosidl_typesupport_fastrtps_c__visibility_control.h
[286.793s] -- Symlinking: /ros2_ws/install/as2_msgs/include/as2_msgs/as2_msgs/srv/detail/add_static_transform__rosidl_typesupport_fastrtps_c.h
[286.802s] -- Symlinking: /ros2_ws/install/as2_msgs/include/as2_msgs/as2_msgs/srv/detail/add_static_transform_gps__rosidl_typesupport_fastrtps_c.h
[286.811s] -- Symlinking: /ros2_ws/install/as2_msgs/include/as2_msgs/as2_msgs/srv/detail/dynamic_follower__rosidl_typesupport_fastrtps_c.h
[286.821s] -- Symlinking: /ros2_ws/install/as2_msgs/include/as2_msgs/as2_msgs/srv/detail/dynamic_land__rosidl_typesupport_fastrtps_c.h
[286.831s] -- Symlinking: /ros2_ws/install/as2_msgs/include/as2_msgs/as2_msgs/srv/detail/geopath_to_path__rosidl_typesupport_fastrtps_c.h
[286.842s] -- Symlinking: /ros2_ws/install/as2_msgs/include/as2_msgs/as2_msgs/srv/detail/get_geozone__rosidl_typesupport_fastrtps_c.h
[286.851s] -- Symlinking: /ros2_ws/install/as2_msgs/include/as2_msgs/as2_msgs/srv/detail/get_origin__rosidl_typesupport_fastrtps_c.h
[286.860s] -- Symlinking: /ros2_ws/install/as2_msgs/include/as2_msgs/as2_msgs/srv/detail/list_control_modes__rosidl_typesupport_fastrtps_c.h
[286.869s] -- Symlinking: /ros2_ws/install/as2_msgs/include/as2_msgs/as2_msgs/srv/detail/modify_swarm__rosidl_typesupport_fastrtps_c.h
[286.878s] -- Symlinking: /ros2_ws/install/as2_msgs/include/as2_msgs/as2_msgs/srv/detail/package_pick_up__rosidl_typesupport_fastrtps_c.h
[286.887s] -- Symlinking: /ros2_ws/install/as2_msgs/include/as2_msgs/as2_msgs/srv/detail/package_un_pick__rosidl_typesupport_fastrtps_c.h
[286.896s] -- Symlinking: /ros2_ws/install/as2_msgs/include/as2_msgs/as2_msgs/srv/detail/path_to_geopath__rosidl_typesupport_fastrtps_c.h
[286.905s] -- Symlinking: /ros2_ws/install/as2_msgs/include/as2_msgs/as2_msgs/srv/detail/set_control_mode__rosidl_typesupport_fastrtps_c.h
[286.914s] -- Symlinking: /ros2_ws/install/as2_msgs/include/as2_msgs/as2_msgs/srv/detail/set_geozone__rosidl_typesupport_fastrtps_c.h
[286.923s] -- Symlinking: /ros2_ws/install/as2_msgs/include/as2_msgs/as2_msgs/srv/detail/set_origin__rosidl_typesupport_fastrtps_c.h
[286.931s] -- Symlinking: /ros2_ws/install/as2_msgs/include/as2_msgs/as2_msgs/srv/detail/set_platform_state_machine_event__rosidl_typesupport_fastrtps_c.h
[286.940s] -- Symlinking: /ros2_ws/install/as2_msgs/include/as2_msgs/as2_msgs/srv/detail/set_speed__rosidl_typesupport_fastrtps_c.h
[286.950s] -- Symlinking: /ros2_ws/install/as2_msgs/include/as2_msgs/as2_msgs/action/detail/detect_aruco_markers__rosidl_typesupport_introspection_c.h
[286.959s] -- Symlinking: /ros2_ws/install/as2_msgs/include/as2_msgs/as2_msgs/action/detail/follow_path__rosidl_typesupport_introspection_c.h
[286.968s] -- Symlinking: /ros2_ws/install/as2_msgs/include/as2_msgs/as2_msgs/action/detail/follow_reference__rosidl_typesupport_introspection_c.h
[286.977s] -- Symlinking: /ros2_ws/install/as2_msgs/include/as2_msgs/as2_msgs/action/detail/generate_polynomial_trajectory__rosidl_typesupport_introspection_c.h
[286.985s] -- Symlinking: /ros2_ws/install/as2_msgs/include/as2_msgs/as2_msgs/action/detail/go_to_waypoint__rosidl_typesupport_introspection_c.h
[286.994s] -- Symlinking: /ros2_ws/install/as2_msgs/include/as2_msgs/as2_msgs/action/detail/land__rosidl_typesupport_introspection_c.h
[287.002s] -- Symlinking: /ros2_ws/install/as2_msgs/include/as2_msgs/as2_msgs/action/detail/navigate_to_point__rosidl_typesupport_introspection_c.h
[287.010s] -- Symlinking: /ros2_ws/install/as2_msgs/include/as2_msgs/as2_msgs/action/detail/point_gimbal__rosidl_typesupport_introspection_c.h
[287.019s] -- Symlinking: /ros2_ws/install/as2_msgs/include/as2_msgs/as2_msgs/action/detail/set_arming_state__rosidl_typesupport_introspection_c.h
[287.027s] -- Symlinking: /ros2_ws/install/as2_msgs/include/as2_msgs/as2_msgs/action/detail/set_offboard_mode__rosidl_typesupport_introspection_c.h
[287.036s] -- Symlinking: /ros2_ws/install/as2_msgs/include/as2_msgs/as2_msgs/action/detail/swarm_flocking__rosidl_typesupport_introspection_c.h
[287.045s] -- Symlinking: /ros2_ws/install/as2_msgs/include/as2_msgs/as2_msgs/action/detail/takeoff__rosidl_typesupport_introspection_c.h
[287.056s] -- Symlinking: /ros2_ws/install/as2_msgs/include/as2_msgs/as2_msgs/msg/detail/acro__rosidl_typesupport_introspection_c.h
[287.065s] -- Symlinking: /ros2_ws/install/as2_msgs/include/as2_msgs/as2_msgs/msg/detail/alert_event__rosidl_typesupport_introspection_c.h
[287.076s] -- Symlinking: /ros2_ws/install/as2_msgs/include/as2_msgs/as2_msgs/msg/detail/behavior_status__rosidl_typesupport_introspection_c.h
[287.086s] -- Symlinking: /ros2_ws/install/as2_msgs/include/as2_msgs/as2_msgs/msg/detail/control_mode__rosidl_typesupport_introspection_c.h
[287.095s] -- Symlinking: /ros2_ws/install/as2_msgs/include/as2_msgs/as2_msgs/msg/detail/controller_info__rosidl_typesupport_introspection_c.h
[287.105s] -- Symlinking: /ros2_ws/install/as2_msgs/include/as2_msgs/as2_msgs/msg/detail/follow_target_info__rosidl_typesupport_introspection_c.h
[287.114s] -- Symlinking: /ros2_ws/install/as2_msgs/include/as2_msgs/as2_msgs/msg/detail/geozone__rosidl_typesupport_introspection_c.h
[287.123s] -- Symlinking: /ros2_ws/install/as2_msgs/include/as2_msgs/as2_msgs/msg/detail/gimbal_control__rosidl_typesupport_introspection_c.h
[287.133s] -- Symlinking: /ros2_ws/install/as2_msgs/include/as2_msgs/as2_msgs/msg/detail/mission_event__rosidl_typesupport_introspection_c.h
[287.142s] -- Symlinking: /ros2_ws/install/as2_msgs/include/as2_msgs/as2_msgs/msg/detail/mission_update__rosidl_typesupport_introspection_c.h
[287.150s] -- Symlinking: /ros2_ws/install/as2_msgs/include/as2_msgs/as2_msgs/msg/detail/node_status__rosidl_typesupport_introspection_c.h
[287.160s] -- Symlinking: /ros2_ws/install/as2_msgs/include/as2_msgs/as2_msgs/msg/detail/platform_info__rosidl_typesupport_introspection_c.h
[287.168s] -- Symlinking: /ros2_ws/install/as2_msgs/include/as2_msgs/as2_msgs/msg/detail/platform_state_machine_event__rosidl_typesupport_introspection_c.h
[287.177s] -- Symlinking: /ros2_ws/install/as2_msgs/include/as2_msgs/as2_msgs/msg/detail/platform_status__rosidl_typesupport_introspection_c.h
[287.186s] -- Symlinking: /ros2_ws/install/as2_msgs/include/as2_msgs/as2_msgs/msg/detail/polygon_list__rosidl_typesupport_introspection_c.h
[287.194s] -- Symlinking: /ros2_ws/install/as2_msgs/include/as2_msgs/as2_msgs/msg/detail/pose_stamped_with_id__rosidl_typesupport_introspection_c.h
[287.203s] -- Symlinking: /ros2_ws/install/as2_msgs/include/as2_msgs/as2_msgs/msg/detail/pose_stamped_with_id_array__rosidl_typesupport_introspection_c.h
[287.212s] -- Symlinking: /ros2_ws/install/as2_msgs/include/as2_msgs/as2_msgs/msg/detail/pose_with_id__rosidl_typesupport_introspection_c.h
[287.220s] -- Symlinking: /ros2_ws/install/as2_msgs/include/as2_msgs/as2_msgs/msg/detail/pose_with_id_array__rosidl_typesupport_introspection_c.h
[287.229s] -- Symlinking: /ros2_ws/install/as2_msgs/include/as2_msgs/as2_msgs/msg/detail/speed__rosidl_typesupport_introspection_c.h
[287.238s] -- Symlinking: /ros2_ws/install/as2_msgs/include/as2_msgs/as2_msgs/msg/detail/thrust__rosidl_typesupport_introspection_c.h
[287.246s] -- Symlinking: /ros2_ws/install/as2_msgs/include/as2_msgs/as2_msgs/msg/detail/traj_gen_info__rosidl_typesupport_introspection_c.h
[287.255s] -- Symlinking: /ros2_ws/install/as2_msgs/include/as2_msgs/as2_msgs/msg/detail/trajectory_point__rosidl_typesupport_introspection_c.h
[287.264s] -- Symlinking: /ros2_ws/install/as2_msgs/include/as2_msgs/as2_msgs/msg/detail/trajectory_setpoints__rosidl_typesupport_introspection_c.h
[287.273s] -- Symlinking: /ros2_ws/install/as2_msgs/include/as2_msgs/as2_msgs/msg/detail/u_int16_multi_array_stamped__rosidl_typesupport_introspection_c.h
[287.281s] -- Symlinking: /ros2_ws/install/as2_msgs/include/as2_msgs/as2_msgs/msg/detail/yaw_mode__rosidl_typesupport_introspection_c.h
[287.290s] -- Symlinking: /ros2_ws/install/as2_msgs/include/as2_msgs/as2_msgs/msg/rosidl_typesupport_introspection_c__visibility_control.h
[287.298s] -- Symlinking: /ros2_ws/install/as2_msgs/include/as2_msgs/as2_msgs/srv/detail/add_static_transform__rosidl_typesupport_introspection_c.h
[287.307s] -- Symlinking: /ros2_ws/install/as2_msgs/include/as2_msgs/as2_msgs/srv/detail/add_static_transform_gps__rosidl_typesupport_introspection_c.h
[287.316s] -- Symlinking: /ros2_ws/install/as2_msgs/include/as2_msgs/as2_msgs/srv/detail/dynamic_follower__rosidl_typesupport_introspection_c.h
[287.325s] -- Symlinking: /ros2_ws/install/as2_msgs/include/as2_msgs/as2_msgs/srv/detail/dynamic_land__rosidl_typesupport_introspection_c.h
[287.334s] -- Symlinking: /ros2_ws/install/as2_msgs/include/as2_msgs/as2_msgs/srv/detail/geopath_to_path__rosidl_typesupport_introspection_c.h
[287.342s] -- Symlinking: /ros2_ws/install/as2_msgs/include/as2_msgs/as2_msgs/srv/detail/get_geozone__rosidl_typesupport_introspection_c.h
[287.351s] -- Symlinking: /ros2_ws/install/as2_msgs/include/as2_msgs/as2_msgs/srv/detail/get_origin__rosidl_typesupport_introspection_c.h
[287.362s] -- Symlinking: /ros2_ws/install/as2_msgs/include/as2_msgs/as2_msgs/srv/detail/list_control_modes__rosidl_typesupport_introspection_c.h
[287.371s] -- Symlinking: /ros2_ws/install/as2_msgs/include/as2_msgs/as2_msgs/srv/detail/modify_swarm__rosidl_typesupport_introspection_c.h
[287.380s] -- Symlinking: /ros2_ws/install/as2_msgs/include/as2_msgs/as2_msgs/srv/detail/package_pick_up__rosidl_typesupport_introspection_c.h
[287.390s] -- Symlinking: /ros2_ws/install/as2_msgs/include/as2_msgs/as2_msgs/srv/detail/package_un_pick__rosidl_typesupport_introspection_c.h
[287.400s] -- Symlinking: /ros2_ws/install/as2_msgs/include/as2_msgs/as2_msgs/srv/detail/path_to_geopath__rosidl_typesupport_introspection_c.h
[287.409s] -- Symlinking: /ros2_ws/install/as2_msgs/include/as2_msgs/as2_msgs/srv/detail/set_control_mode__rosidl_typesupport_introspection_c.h
[287.419s] -- Symlinking: /ros2_ws/install/as2_msgs/include/as2_msgs/as2_msgs/srv/detail/set_geozone__rosidl_typesupport_introspection_c.h
[287.429s] -- Symlinking: /ros2_ws/install/as2_msgs/include/as2_msgs/as2_msgs/srv/detail/set_origin__rosidl_typesupport_introspection_c.h
[287.440s] -- Symlinking: /ros2_ws/install/as2_msgs/include/as2_msgs/as2_msgs/srv/detail/set_platform_state_machine_event__rosidl_typesupport_introspection_c.h
[287.450s] -- Symlinking: /ros2_ws/install/as2_msgs/include/as2_msgs/as2_msgs/srv/detail/set_speed__rosidl_typesupport_introspection_c.h
[287.463s] -- Symlinking: /ros2_ws/install/as2_msgs/include/as2_msgs/as2_msgs/action/detail/detect_aruco_markers__builder.hpp
[287.473s] -- Symlinking: /ros2_ws/install/as2_msgs/include/as2_msgs/as2_msgs/action/detail/detect_aruco_markers__struct.hpp
[287.483s] -- Symlinking: /ros2_ws/install/as2_msgs/include/as2_msgs/as2_msgs/action/detail/detect_aruco_markers__traits.hpp
[287.492s] -- Symlinking: /ros2_ws/install/as2_msgs/include/as2_msgs/as2_msgs/action/detail/detect_aruco_markers__type_support.hpp
[287.502s] -- Symlinking: /ros2_ws/install/as2_msgs/include/as2_msgs/as2_msgs/action/detail/follow_path__builder.hpp
[287.511s] -- Symlinking: /ros2_ws/install/as2_msgs/include/as2_msgs/as2_msgs/action/detail/follow_path__struct.hpp
[287.521s] -- Symlinking: /ros2_ws/install/as2_msgs/include/as2_msgs/as2_msgs/action/detail/follow_path__traits.hpp
[287.530s] -- Symlinking: /ros2_ws/install/as2_msgs/include/as2_msgs/as2_msgs/action/detail/follow_path__type_support.hpp
[287.539s] -- Symlinking: /ros2_ws/install/as2_msgs/include/as2_msgs/as2_msgs/action/detail/follow_reference__builder.hpp
[287.547s] -- Symlinking: /ros2_ws/install/as2_msgs/include/as2_msgs/as2_msgs/action/detail/follow_reference__struct.hpp
[287.556s] -- Symlinking: /ros2_ws/install/as2_msgs/include/as2_msgs/as2_msgs/action/detail/follow_reference__traits.hpp
[287.564s] -- Symlinking: /ros2_ws/install/as2_msgs/include/as2_msgs/as2_msgs/action/detail/follow_reference__type_support.hpp
[287.572s] -- Symlinking: /ros2_ws/install/as2_msgs/include/as2_msgs/as2_msgs/action/detail/generate_polynomial_trajectory__builder.hpp
[287.581s] -- Symlinking: /ros2_ws/install/as2_msgs/include/as2_msgs/as2_msgs/action/detail/generate_polynomial_trajectory__struct.hpp
[287.590s] -- Symlinking: /ros2_ws/install/as2_msgs/include/as2_msgs/as2_msgs/action/detail/generate_polynomial_trajectory__traits.hpp
[287.599s] -- Symlinking: /ros2_ws/install/as2_msgs/include/as2_msgs/as2_msgs/action/detail/generate_polynomial_trajectory__type_support.hpp
[287.610s] -- Symlinking: /ros2_ws/install/as2_msgs/include/as2_msgs/as2_msgs/action/detail/go_to_waypoint__builder.hpp
[287.620s] -- Symlinking: /ros2_ws/install/as2_msgs/include/as2_msgs/as2_msgs/action/detail/go_to_waypoint__struct.hpp
[287.630s] -- Symlinking: /ros2_ws/install/as2_msgs/include/as2_msgs/as2_msgs/action/detail/go_to_waypoint__traits.hpp
[287.640s] -- Symlinking: /ros2_ws/install/as2_msgs/include/as2_msgs/as2_msgs/action/detail/go_to_waypoint__type_support.hpp
[287.649s] -- Symlinking: /ros2_ws/install/as2_msgs/include/as2_msgs/as2_msgs/action/detail/land__builder.hpp
[287.658s] -- Symlinking: /ros2_ws/install/as2_msgs/include/as2_msgs/as2_msgs/action/detail/land__struct.hpp
[287.668s] -- Symlinking: /ros2_ws/install/as2_msgs/include/as2_msgs/as2_msgs/action/detail/land__traits.hpp
[287.678s] -- Symlinking: /ros2_ws/install/as2_msgs/include/as2_msgs/as2_msgs/action/detail/land__type_support.hpp
[287.688s] -- Symlinking: /ros2_ws/install/as2_msgs/include/as2_msgs/as2_msgs/action/detail/navigate_to_point__builder.hpp
[287.698s] -- Symlinking: /ros2_ws/install/as2_msgs/include/as2_msgs/as2_msgs/action/detail/navigate_to_point__struct.hpp
[287.708s] -- Symlinking: /ros2_ws/install/as2_msgs/include/as2_msgs/as2_msgs/action/detail/navigate_to_point__traits.hpp
[287.717s] -- Symlinking: /ros2_ws/install/as2_msgs/include/as2_msgs/as2_msgs/action/detail/navigate_to_point__type_support.hpp
[287.727s] -- Symlinking: /ros2_ws/install/as2_msgs/include/as2_msgs/as2_msgs/action/detail/point_gimbal__builder.hpp
[287.736s] -- Symlinking: /ros2_ws/install/as2_msgs/include/as2_msgs/as2_msgs/action/detail/point_gimbal__struct.hpp
[287.746s] -- Symlinking: /ros2_ws/install/as2_msgs/include/as2_msgs/as2_msgs/action/detail/point_gimbal__traits.hpp
[287.755s] -- Symlinking: /ros2_ws/install/as2_msgs/include/as2_msgs/as2_msgs/action/detail/point_gimbal__type_support.hpp
[287.765s] -- Symlinking: /ros2_ws/install/as2_msgs/include/as2_msgs/as2_msgs/action/detail/set_arming_state__builder.hpp
[287.774s] -- Symlinking: /ros2_ws/install/as2_msgs/include/as2_msgs/as2_msgs/action/detail/set_arming_state__struct.hpp
[287.784s] -- Symlinking: /ros2_ws/install/as2_msgs/include/as2_msgs/as2_msgs/action/detail/set_arming_state__traits.hpp
[287.793s] -- Symlinking: /ros2_ws/install/as2_msgs/include/as2_msgs/as2_msgs/action/detail/set_arming_state__type_support.hpp
[287.803s] -- Symlinking: /ros2_ws/install/as2_msgs/include/as2_msgs/as2_msgs/action/detail/set_offboard_mode__builder.hpp
[287.813s] -- Symlinking: /ros2_ws/install/as2_msgs/include/as2_msgs/as2_msgs/action/detail/set_offboard_mode__struct.hpp
[287.822s] -- Symlinking: /ros2_ws/install/as2_msgs/include/as2_msgs/as2_msgs/action/detail/set_offboard_mode__traits.hpp
[287.831s] -- Symlinking: /ros2_ws/install/as2_msgs/include/as2_msgs/as2_msgs/action/detail/set_offboard_mode__type_support.hpp
[287.841s] -- Symlinking: /ros2_ws/install/as2_msgs/include/as2_msgs/as2_msgs/action/detail/swarm_flocking__builder.hpp
[287.852s] -- Symlinking: /ros2_ws/install/as2_msgs/include/as2_msgs/as2_msgs/action/detail/swarm_flocking__struct.hpp
[287.862s] -- Symlinking: /ros2_ws/install/as2_msgs/include/as2_msgs/as2_msgs/action/detail/swarm_flocking__traits.hpp
[287.872s] -- Symlinking: /ros2_ws/install/as2_msgs/include/as2_msgs/as2_msgs/action/detail/swarm_flocking__type_support.hpp
[287.881s] -- Symlinking: /ros2_ws/install/as2_msgs/include/as2_msgs/as2_msgs/action/detail/takeoff__builder.hpp
[287.891s] -- Symlinking: /ros2_ws/install/as2_msgs/include/as2_msgs/as2_msgs/action/detail/takeoff__struct.hpp
[287.899s] -- Symlinking: /ros2_ws/install/as2_msgs/include/as2_msgs/as2_msgs/action/detail/takeoff__traits.hpp
[287.908s] -- Symlinking: /ros2_ws/install/as2_msgs/include/as2_msgs/as2_msgs/action/detail/takeoff__type_support.hpp
[287.916s] -- Symlinking: /ros2_ws/install/as2_msgs/include/as2_msgs/as2_msgs/action/detect_aruco_markers.hpp
[287.924s] -- Symlinking: /ros2_ws/install/as2_msgs/include/as2_msgs/as2_msgs/action/follow_path.hpp
[287.933s] -- Symlinking: /ros2_ws/install/as2_msgs/include/as2_msgs/as2_msgs/action/follow_reference.hpp
[287.942s] -- Symlinking: /ros2_ws/install/as2_msgs/include/as2_msgs/as2_msgs/action/generate_polynomial_trajectory.hpp
[287.951s] -- Symlinking: /ros2_ws/install/as2_msgs/include/as2_msgs/as2_msgs/action/go_to_waypoint.hpp
[287.961s] -- Symlinking: /ros2_ws/install/as2_msgs/include/as2_msgs/as2_msgs/action/land.hpp
[287.972s] -- Symlinking: /ros2_ws/install/as2_msgs/include/as2_msgs/as2_msgs/action/navigate_to_point.hpp
[287.982s] -- Symlinking: /ros2_ws/install/as2_msgs/include/as2_msgs/as2_msgs/action/point_gimbal.hpp
[287.991s] -- Symlinking: /ros2_ws/install/as2_msgs/include/as2_msgs/as2_msgs/action/set_arming_state.hpp
[288.000s] -- Symlinking: /ros2_ws/install/as2_msgs/include/as2_msgs/as2_msgs/action/set_offboard_mode.hpp
[288.008s] -- Symlinking: /ros2_ws/install/as2_msgs/include/as2_msgs/as2_msgs/action/swarm_flocking.hpp
[288.017s] -- Symlinking: /ros2_ws/install/as2_msgs/include/as2_msgs/as2_msgs/action/takeoff.hpp
[288.026s] -- Symlinking: /ros2_ws/install/as2_msgs/include/as2_msgs/as2_msgs/msg/acro.hpp
[288.034s] -- Symlinking: /ros2_ws/install/as2_msgs/include/as2_msgs/as2_msgs/msg/alert_event.hpp
[288.043s] -- Symlinking: /ros2_ws/install/as2_msgs/include/as2_msgs/as2_msgs/msg/behavior_status.hpp
[288.053s] -- Symlinking: /ros2_ws/install/as2_msgs/include/as2_msgs/as2_msgs/msg/control_mode.hpp
[288.063s] -- Symlinking: /ros2_ws/install/as2_msgs/include/as2_msgs/as2_msgs/msg/controller_info.hpp
[288.073s] -- Symlinking: /ros2_ws/install/as2_msgs/include/as2_msgs/as2_msgs/msg/detail/acro__builder.hpp
[288.083s] -- Symlinking: /ros2_ws/install/as2_msgs/include/as2_msgs/as2_msgs/msg/detail/acro__struct.hpp
[288.092s] -- Symlinking: /ros2_ws/install/as2_msgs/include/as2_msgs/as2_msgs/msg/detail/acro__traits.hpp
[288.102s] -- Symlinking: /ros2_ws/install/as2_msgs/include/as2_msgs/as2_msgs/msg/detail/acro__type_support.hpp
[288.111s] -- Symlinking: /ros2_ws/install/as2_msgs/include/as2_msgs/as2_msgs/msg/detail/alert_event__builder.hpp
[288.121s] -- Symlinking: /ros2_ws/install/as2_msgs/include/as2_msgs/as2_msgs/msg/detail/alert_event__struct.hpp
[288.130s] -- Symlinking: /ros2_ws/install/as2_msgs/include/as2_msgs/as2_msgs/msg/detail/alert_event__traits.hpp
[288.140s] -- Symlinking: /ros2_ws/install/as2_msgs/include/as2_msgs/as2_msgs/msg/detail/alert_event__type_support.hpp
[288.149s] -- Symlinking: /ros2_ws/install/as2_msgs/include/as2_msgs/as2_msgs/msg/detail/behavior_status__builder.hpp
[288.159s] -- Symlinking: /ros2_ws/install/as2_msgs/include/as2_msgs/as2_msgs/msg/detail/behavior_status__struct.hpp
[288.168s] -- Symlinking: /ros2_ws/install/as2_msgs/include/as2_msgs/as2_msgs/msg/detail/behavior_status__traits.hpp
[288.178s] -- Symlinking: /ros2_ws/install/as2_msgs/include/as2_msgs/as2_msgs/msg/detail/behavior_status__type_support.hpp
[288.188s] -- Symlinking: /ros2_ws/install/as2_msgs/include/as2_msgs/as2_msgs/msg/detail/control_mode__builder.hpp
[288.197s] -- Symlinking: /ros2_ws/install/as2_msgs/include/as2_msgs/as2_msgs/msg/detail/control_mode__struct.hpp
[288.207s] -- Symlinking: /ros2_ws/install/as2_msgs/include/as2_msgs/as2_msgs/msg/detail/control_mode__traits.hpp
[288.216s] -- Symlinking: /ros2_ws/install/as2_msgs/include/as2_msgs/as2_msgs/msg/detail/control_mode__type_support.hpp
[288.225s] -- Symlinking: /ros2_ws/install/as2_msgs/include/as2_msgs/as2_msgs/msg/detail/controller_info__builder.hpp
[288.234s] -- Symlinking: /ros2_ws/install/as2_msgs/include/as2_msgs/as2_msgs/msg/detail/controller_info__struct.hpp
[288.242s] -- Symlinking: /ros2_ws/install/as2_msgs/include/as2_msgs/as2_msgs/msg/detail/controller_info__traits.hpp
[288.251s] -- Symlinking: /ros2_ws/install/as2_msgs/include/as2_msgs/as2_msgs/msg/detail/controller_info__type_support.hpp
[288.259s] -- Symlinking: /ros2_ws/install/as2_msgs/include/as2_msgs/as2_msgs/msg/detail/follow_target_info__builder.hpp
[288.268s] -- Symlinking: /ros2_ws/install/as2_msgs/include/as2_msgs/as2_msgs/msg/detail/follow_target_info__struct.hpp
[288.276s] -- Symlinking: /ros2_ws/install/as2_msgs/include/as2_msgs/as2_msgs/msg/detail/follow_target_info__traits.hpp
[288.284s] -- Symlinking: /ros2_ws/install/as2_msgs/include/as2_msgs/as2_msgs/msg/detail/follow_target_info__type_support.hpp
[288.293s] -- Symlinking: /ros2_ws/install/as2_msgs/include/as2_msgs/as2_msgs/msg/detail/geozone__builder.hpp
[288.301s] -- Symlinking: /ros2_ws/install/as2_msgs/include/as2_msgs/as2_msgs/msg/detail/geozone__struct.hpp
[288.309s] -- Symlinking: /ros2_ws/install/as2_msgs/include/as2_msgs/as2_msgs/msg/detail/geozone__traits.hpp
[288.318s] -- Symlinking: /ros2_ws/install/as2_msgs/include/as2_msgs/as2_msgs/msg/detail/geozone__type_support.hpp
[288.326s] -- Symlinking: /ros2_ws/install/as2_msgs/include/as2_msgs/as2_msgs/msg/detail/gimbal_control__builder.hpp
[288.335s] -- Symlinking: /ros2_ws/install/as2_msgs/include/as2_msgs/as2_msgs/msg/detail/gimbal_control__struct.hpp
[288.343s] -- Symlinking: /ros2_ws/install/as2_msgs/include/as2_msgs/as2_msgs/msg/detail/gimbal_control__traits.hpp
[288.351s] -- Symlinking: /ros2_ws/install/as2_msgs/include/as2_msgs/as2_msgs/msg/detail/gimbal_control__type_support.hpp
[288.360s] -- Symlinking: /ros2_ws/install/as2_msgs/include/as2_msgs/as2_msgs/msg/detail/mission_event__builder.hpp
[288.368s] -- Symlinking: /ros2_ws/install/as2_msgs/include/as2_msgs/as2_msgs/msg/detail/mission_event__struct.hpp
[288.377s] -- Symlinking: /ros2_ws/install/as2_msgs/include/as2_msgs/as2_msgs/msg/detail/mission_event__traits.hpp
[288.385s] -- Symlinking: /ros2_ws/install/as2_msgs/include/as2_msgs/as2_msgs/msg/detail/mission_event__type_support.hpp
[288.394s] -- Symlinking: /ros2_ws/install/as2_msgs/include/as2_msgs/as2_msgs/msg/detail/mission_update__builder.hpp
[288.402s] -- Symlinking: /ros2_ws/install/as2_msgs/include/as2_msgs/as2_msgs/msg/detail/mission_update__struct.hpp
[288.410s] -- Symlinking: /ros2_ws/install/as2_msgs/include/as2_msgs/as2_msgs/msg/detail/mission_update__traits.hpp
[288.419s] -- Symlinking: /ros2_ws/install/as2_msgs/include/as2_msgs/as2_msgs/msg/detail/mission_update__type_support.hpp
[288.427s] -- Symlinking: /ros2_ws/install/as2_msgs/include/as2_msgs/as2_msgs/msg/detail/node_status__builder.hpp
[288.435s] -- Symlinking: /ros2_ws/install/as2_msgs/include/as2_msgs/as2_msgs/msg/detail/node_status__struct.hpp
[288.444s] -- Symlinking: /ros2_ws/install/as2_msgs/include/as2_msgs/as2_msgs/msg/detail/node_status__traits.hpp
[288.452s] -- Symlinking: /ros2_ws/install/as2_msgs/include/as2_msgs/as2_msgs/msg/detail/node_status__type_support.hpp
[288.461s] -- Symlinking: /ros2_ws/install/as2_msgs/include/as2_msgs/as2_msgs/msg/detail/platform_info__builder.hpp
[288.469s] -- Symlinking: /ros2_ws/install/as2_msgs/include/as2_msgs/as2_msgs/msg/detail/platform_info__struct.hpp
[288.478s] -- Symlinking: /ros2_ws/install/as2_msgs/include/as2_msgs/as2_msgs/msg/detail/platform_info__traits.hpp
[288.487s] -- Symlinking: /ros2_ws/install/as2_msgs/include/as2_msgs/as2_msgs/msg/detail/platform_info__type_support.hpp
[288.495s] -- Symlinking: /ros2_ws/install/as2_msgs/include/as2_msgs/as2_msgs/msg/detail/platform_state_machine_event__builder.hpp
[288.505s] -- Symlinking: /ros2_ws/install/as2_msgs/include/as2_msgs/as2_msgs/msg/detail/platform_state_machine_event__struct.hpp
[288.514s] -- Symlinking: /ros2_ws/install/as2_msgs/include/as2_msgs/as2_msgs/msg/detail/platform_state_machine_event__traits.hpp
[288.524s] -- Symlinking: /ros2_ws/install/as2_msgs/include/as2_msgs/as2_msgs/msg/detail/platform_state_machine_event__type_support.hpp
[288.533s] -- Symlinking: /ros2_ws/install/as2_msgs/include/as2_msgs/as2_msgs/msg/detail/platform_status__builder.hpp
[288.542s] -- Symlinking: /ros2_ws/install/as2_msgs/include/as2_msgs/as2_msgs/msg/detail/platform_status__struct.hpp
[288.551s] -- Symlinking: /ros2_ws/install/as2_msgs/include/as2_msgs/as2_msgs/msg/detail/platform_status__traits.hpp
[288.561s] -- Symlinking: /ros2_ws/install/as2_msgs/include/as2_msgs/as2_msgs/msg/detail/platform_status__type_support.hpp
[288.627s] -- Symlinking: /ros2_ws/install/as2_msgs/include/as2_msgs/as2_msgs/msg/detail/polygon_list__builder.hpp
[288.657s] -- Symlinking: /ros2_ws/install/as2_msgs/include/as2_msgs/as2_msgs/msg/detail/polygon_list__struct.hpp
[288.672s] -- Symlinking: /ros2_ws/install/as2_msgs/include/as2_msgs/as2_msgs/msg/detail/polygon_list__traits.hpp
[288.684s] -- Symlinking: /ros2_ws/install/as2_msgs/include/as2_msgs/as2_msgs/msg/detail/polygon_list__type_support.hpp
[288.695s] -- Symlinking: /ros2_ws/install/as2_msgs/include/as2_msgs/as2_msgs/msg/detail/pose_stamped_with_id__builder.hpp
[288.706s] -- Symlinking: /ros2_ws/install/as2_msgs/include/as2_msgs/as2_msgs/msg/detail/pose_stamped_with_id__struct.hpp
[288.716s] -- Symlinking: /ros2_ws/install/as2_msgs/include/as2_msgs/as2_msgs/msg/detail/pose_stamped_with_id__traits.hpp
[288.726s] -- Symlinking: /ros2_ws/install/as2_msgs/include/as2_msgs/as2_msgs/msg/detail/pose_stamped_with_id__type_support.hpp
[288.735s] -- Symlinking: /ros2_ws/install/as2_msgs/include/as2_msgs/as2_msgs/msg/detail/pose_stamped_with_id_array__builder.hpp
[288.744s] -- Symlinking: /ros2_ws/install/as2_msgs/include/as2_msgs/as2_msgs/msg/detail/pose_stamped_with_id_array__struct.hpp
[288.753s] -- Symlinking: /ros2_ws/install/as2_msgs/include/as2_msgs/as2_msgs/msg/detail/pose_stamped_with_id_array__traits.hpp
[288.762s] -- Symlinking: /ros2_ws/install/as2_msgs/include/as2_msgs/as2_msgs/msg/detail/pose_stamped_with_id_array__type_support.hpp
[288.770s] -- Symlinking: /ros2_ws/install/as2_msgs/include/as2_msgs/as2_msgs/msg/detail/pose_with_id__builder.hpp
[288.779s] -- Symlinking: /ros2_ws/install/as2_msgs/include/as2_msgs/as2_msgs/msg/detail/pose_with_id__struct.hpp
[288.787s] -- Symlinking: /ros2_ws/install/as2_msgs/include/as2_msgs/as2_msgs/msg/detail/pose_with_id__traits.hpp
[288.796s] -- Symlinking: /ros2_ws/install/as2_msgs/include/as2_msgs/as2_msgs/msg/detail/pose_with_id__type_support.hpp
[288.805s] -- Symlinking: /ros2_ws/install/as2_msgs/include/as2_msgs/as2_msgs/msg/detail/pose_with_id_array__builder.hpp
[288.814s] -- Symlinking: /ros2_ws/install/as2_msgs/include/as2_msgs/as2_msgs/msg/detail/pose_with_id_array__struct.hpp
[288.822s] -- Symlinking: /ros2_ws/install/as2_msgs/include/as2_msgs/as2_msgs/msg/detail/pose_with_id_array__traits.hpp
[288.831s] -- Symlinking: /ros2_ws/install/as2_msgs/include/as2_msgs/as2_msgs/msg/detail/pose_with_id_array__type_support.hpp
[288.840s] -- Symlinking: /ros2_ws/install/as2_msgs/include/as2_msgs/as2_msgs/msg/detail/speed__builder.hpp
[288.848s] -- Symlinking: /ros2_ws/install/as2_msgs/include/as2_msgs/as2_msgs/msg/detail/speed__struct.hpp
[288.857s] -- Symlinking: /ros2_ws/install/as2_msgs/include/as2_msgs/as2_msgs/msg/detail/speed__traits.hpp
[288.865s] -- Symlinking: /ros2_ws/install/as2_msgs/include/as2_msgs/as2_msgs/msg/detail/speed__type_support.hpp
[288.874s] -- Symlinking: /ros2_ws/install/as2_msgs/include/as2_msgs/as2_msgs/msg/detail/thrust__builder.hpp
[288.882s] -- Symlinking: /ros2_ws/install/as2_msgs/include/as2_msgs/as2_msgs/msg/detail/thrust__struct.hpp
[288.891s] -- Symlinking: /ros2_ws/install/as2_msgs/include/as2_msgs/as2_msgs/msg/detail/thrust__traits.hpp
[288.900s] -- Symlinking: /ros2_ws/install/as2_msgs/include/as2_msgs/as2_msgs/msg/detail/thrust__type_support.hpp
[288.908s] -- Symlinking: /ros2_ws/install/as2_msgs/include/as2_msgs/as2_msgs/msg/detail/traj_gen_info__builder.hpp
[288.917s] -- Symlinking: /ros2_ws/install/as2_msgs/include/as2_msgs/as2_msgs/msg/detail/traj_gen_info__struct.hpp
[288.926s] -- Symlinking: /ros2_ws/install/as2_msgs/include/as2_msgs/as2_msgs/msg/detail/traj_gen_info__traits.hpp
[288.934s] -- Symlinking: /ros2_ws/install/as2_msgs/include/as2_msgs/as2_msgs/msg/detail/traj_gen_info__type_support.hpp
[288.943s] -- Symlinking: /ros2_ws/install/as2_msgs/include/as2_msgs/as2_msgs/msg/detail/trajectory_point__builder.hpp
[288.952s] -- Symlinking: /ros2_ws/install/as2_msgs/include/as2_msgs/as2_msgs/msg/detail/trajectory_point__struct.hpp
[288.960s] -- Symlinking: /ros2_ws/install/as2_msgs/include/as2_msgs/as2_msgs/msg/detail/trajectory_point__traits.hpp
[288.969s] -- Symlinking: /ros2_ws/install/as2_msgs/include/as2_msgs/as2_msgs/msg/detail/trajectory_point__type_support.hpp
[288.978s] -- Symlinking: /ros2_ws/install/as2_msgs/include/as2_msgs/as2_msgs/msg/detail/trajectory_setpoints__builder.hpp
[288.986s] -- Symlinking: /ros2_ws/install/as2_msgs/include/as2_msgs/as2_msgs/msg/detail/trajectory_setpoints__struct.hpp
[288.995s] -- Symlinking: /ros2_ws/install/as2_msgs/include/as2_msgs/as2_msgs/msg/detail/trajectory_setpoints__traits.hpp
[289.003s] -- Symlinking: /ros2_ws/install/as2_msgs/include/as2_msgs/as2_msgs/msg/detail/trajectory_setpoints__type_support.hpp
[289.012s] -- Symlinking: /ros2_ws/install/as2_msgs/include/as2_msgs/as2_msgs/msg/detail/u_int16_multi_array_stamped__builder.hpp
[289.021s] -- Symlinking: /ros2_ws/install/as2_msgs/include/as2_msgs/as2_msgs/msg/detail/u_int16_multi_array_stamped__struct.hpp
[289.029s] -- Symlinking: /ros2_ws/install/as2_msgs/include/as2_msgs/as2_msgs/msg/detail/u_int16_multi_array_stamped__traits.hpp
[289.038s] -- Symlinking: /ros2_ws/install/as2_msgs/include/as2_msgs/as2_msgs/msg/detail/u_int16_multi_array_stamped__type_support.hpp
[289.047s] -- Symlinking: /ros2_ws/install/as2_msgs/include/as2_msgs/as2_msgs/msg/detail/yaw_mode__builder.hpp
[289.055s] -- Symlinking: /ros2_ws/install/as2_msgs/include/as2_msgs/as2_msgs/msg/detail/yaw_mode__struct.hpp
[289.064s] -- Symlinking: /ros2_ws/install/as2_msgs/include/as2_msgs/as2_msgs/msg/detail/yaw_mode__traits.hpp
[289.073s] -- Symlinking: /ros2_ws/install/as2_msgs/include/as2_msgs/as2_msgs/msg/detail/yaw_mode__type_support.hpp
[289.082s] -- Symlinking: /ros2_ws/install/as2_msgs/include/as2_msgs/as2_msgs/msg/follow_target_info.hpp
[289.090s] -- Symlinking: /ros2_ws/install/as2_msgs/include/as2_msgs/as2_msgs/msg/geozone.hpp
[289.099s] -- Symlinking: /ros2_ws/install/as2_msgs/include/as2_msgs/as2_msgs/msg/gimbal_control.hpp
[289.108s] -- Symlinking: /ros2_ws/install/as2_msgs/include/as2_msgs/as2_msgs/msg/mission_event.hpp
[289.116s] -- Symlinking: /ros2_ws/install/as2_msgs/include/as2_msgs/as2_msgs/msg/mission_update.hpp
[289.125s] -- Symlinking: /ros2_ws/install/as2_msgs/include/as2_msgs/as2_msgs/msg/node_status.hpp
[289.134s] -- Symlinking: /ros2_ws/install/as2_msgs/include/as2_msgs/as2_msgs/msg/platform_info.hpp
[289.143s] -- Symlinking: /ros2_ws/install/as2_msgs/include/as2_msgs/as2_msgs/msg/platform_state_machine_event.hpp
[289.151s] -- Symlinking: /ros2_ws/install/as2_msgs/include/as2_msgs/as2_msgs/msg/platform_status.hpp
[289.160s] -- Symlinking: /ros2_ws/install/as2_msgs/include/as2_msgs/as2_msgs/msg/polygon_list.hpp
[289.168s] -- Symlinking: /ros2_ws/install/as2_msgs/include/as2_msgs/as2_msgs/msg/pose_stamped_with_id.hpp
[289.177s] -- Symlinking: /ros2_ws/install/as2_msgs/include/as2_msgs/as2_msgs/msg/pose_stamped_with_id_array.hpp
[289.186s] -- Symlinking: /ros2_ws/install/as2_msgs/include/as2_msgs/as2_msgs/msg/pose_with_id.hpp
[289.194s] -- Symlinking: /ros2_ws/install/as2_msgs/include/as2_msgs/as2_msgs/msg/pose_with_id_array.hpp
[289.203s] -- Symlinking: /ros2_ws/install/as2_msgs/include/as2_msgs/as2_msgs/msg/rosidl_generator_cpp__visibility_control.hpp
[289.211s] -- Symlinking: /ros2_ws/install/as2_msgs/include/as2_msgs/as2_msgs/msg/speed.hpp
[289.220s] -- Symlinking: /ros2_ws/install/as2_msgs/include/as2_msgs/as2_msgs/msg/thrust.hpp
[289.229s] -- Symlinking: /ros2_ws/install/as2_msgs/include/as2_msgs/as2_msgs/msg/traj_gen_info.hpp
[289.238s] -- Symlinking: /ros2_ws/install/as2_msgs/include/as2_msgs/as2_msgs/msg/trajectory_point.hpp
[289.248s] -- Symlinking: /ros2_ws/install/as2_msgs/include/as2_msgs/as2_msgs/msg/trajectory_setpoints.hpp
[289.257s] -- Symlinking: /ros2_ws/install/as2_msgs/include/as2_msgs/as2_msgs/msg/u_int16_multi_array_stamped.hpp
[289.266s] -- Symlinking: /ros2_ws/install/as2_msgs/include/as2_msgs/as2_msgs/msg/yaw_mode.hpp
[289.275s] -- Symlinking: /ros2_ws/install/as2_msgs/include/as2_msgs/as2_msgs/srv/add_static_transform.hpp
[289.284s] -- Symlinking: /ros2_ws/install/as2_msgs/include/as2_msgs/as2_msgs/srv/add_static_transform_gps.hpp
[289.294s] -- Symlinking: /ros2_ws/install/as2_msgs/include/as2_msgs/as2_msgs/srv/detail/add_static_transform__builder.hpp
[289.303s] -- Symlinking: /ros2_ws/install/as2_msgs/include/as2_msgs/as2_msgs/srv/detail/add_static_transform__struct.hpp
[289.312s] -- Symlinking: /ros2_ws/install/as2_msgs/include/as2_msgs/as2_msgs/srv/detail/add_static_transform__traits.hpp
[289.321s] -- Symlinking: /ros2_ws/install/as2_msgs/include/as2_msgs/as2_msgs/srv/detail/add_static_transform__type_support.hpp
[289.330s] -- Symlinking: /ros2_ws/install/as2_msgs/include/as2_msgs/as2_msgs/srv/detail/add_static_transform_gps__builder.hpp
[289.340s] -- Symlinking: /ros2_ws/install/as2_msgs/include/as2_msgs/as2_msgs/srv/detail/add_static_transform_gps__struct.hpp
[289.349s] -- Symlinking: /ros2_ws/install/as2_msgs/include/as2_msgs/as2_msgs/srv/detail/add_static_transform_gps__traits.hpp
[289.358s] -- Symlinking: /ros2_ws/install/as2_msgs/include/as2_msgs/as2_msgs/srv/detail/add_static_transform_gps__type_support.hpp
[289.367s] -- Symlinking: /ros2_ws/install/as2_msgs/include/as2_msgs/as2_msgs/srv/detail/dynamic_follower__builder.hpp
[289.376s] -- Symlinking: /ros2_ws/install/as2_msgs/include/as2_msgs/as2_msgs/srv/detail/dynamic_follower__struct.hpp
[289.385s] -- Symlinking: /ros2_ws/install/as2_msgs/include/as2_msgs/as2_msgs/srv/detail/dynamic_follower__traits.hpp
[289.395s] -- Symlinking: /ros2_ws/install/as2_msgs/include/as2_msgs/as2_msgs/srv/detail/dynamic_follower__type_support.hpp
[289.404s] -- Symlinking: /ros2_ws/install/as2_msgs/include/as2_msgs/as2_msgs/srv/detail/dynamic_land__builder.hpp
[289.413s] -- Symlinking: /ros2_ws/install/as2_msgs/include/as2_msgs/as2_msgs/srv/detail/dynamic_land__struct.hpp
[289.422s] -- Symlinking: /ros2_ws/install/as2_msgs/include/as2_msgs/as2_msgs/srv/detail/dynamic_land__traits.hpp
[289.431s] -- Symlinking: /ros2_ws/install/as2_msgs/include/as2_msgs/as2_msgs/srv/detail/dynamic_land__type_support.hpp
[289.441s] -- Symlinking: /ros2_ws/install/as2_msgs/include/as2_msgs/as2_msgs/srv/detail/geopath_to_path__builder.hpp
[289.450s] -- Symlinking: /ros2_ws/install/as2_msgs/include/as2_msgs/as2_msgs/srv/detail/geopath_to_path__struct.hpp
[289.459s] -- Symlinking: /ros2_ws/install/as2_msgs/include/as2_msgs/as2_msgs/srv/detail/geopath_to_path__traits.hpp
[289.468s] -- Symlinking: /ros2_ws/install/as2_msgs/include/as2_msgs/as2_msgs/srv/detail/geopath_to_path__type_support.hpp
[289.477s] -- Symlinking: /ros2_ws/install/as2_msgs/include/as2_msgs/as2_msgs/srv/detail/get_geozone__builder.hpp
[289.487s] -- Symlinking: /ros2_ws/install/as2_msgs/include/as2_msgs/as2_msgs/srv/detail/get_geozone__struct.hpp
[289.498s] -- Symlinking: /ros2_ws/install/as2_msgs/include/as2_msgs/as2_msgs/srv/detail/get_geozone__traits.hpp
[289.508s] -- Symlinking: /ros2_ws/install/as2_msgs/include/as2_msgs/as2_msgs/srv/detail/get_geozone__type_support.hpp
[289.517s] -- Symlinking: /ros2_ws/install/as2_msgs/include/as2_msgs/as2_msgs/srv/detail/get_origin__builder.hpp
[289.528s] -- Symlinking: /ros2_ws/install/as2_msgs/include/as2_msgs/as2_msgs/srv/detail/get_origin__struct.hpp
[289.538s] -- Symlinking: /ros2_ws/install/as2_msgs/include/as2_msgs/as2_msgs/srv/detail/get_origin__traits.hpp
[289.547s] -- Symlinking: /ros2_ws/install/as2_msgs/include/as2_msgs/as2_msgs/srv/detail/get_origin__type_support.hpp
[289.556s] -- Symlinking: /ros2_ws/install/as2_msgs/include/as2_msgs/as2_msgs/srv/detail/list_control_modes__builder.hpp
[289.565s] -- Symlinking: /ros2_ws/install/as2_msgs/include/as2_msgs/as2_msgs/srv/detail/list_control_modes__struct.hpp
[289.574s] -- Symlinking: /ros2_ws/install/as2_msgs/include/as2_msgs/as2_msgs/srv/detail/list_control_modes__traits.hpp
[289.583s] -- Symlinking: /ros2_ws/install/as2_msgs/include/as2_msgs/as2_msgs/srv/detail/list_control_modes__type_support.hpp
[289.591s] -- Symlinking: /ros2_ws/install/as2_msgs/include/as2_msgs/as2_msgs/srv/detail/modify_swarm__builder.hpp
[289.601s] -- Symlinking: /ros2_ws/install/as2_msgs/include/as2_msgs/as2_msgs/srv/detail/modify_swarm__struct.hpp
[289.609s] -- Symlinking: /ros2_ws/install/as2_msgs/include/as2_msgs/as2_msgs/srv/detail/modify_swarm__traits.hpp
[289.618s] -- Symlinking: /ros2_ws/install/as2_msgs/include/as2_msgs/as2_msgs/srv/detail/modify_swarm__type_support.hpp
[289.627s] -- Symlinking: /ros2_ws/install/as2_msgs/include/as2_msgs/as2_msgs/srv/detail/package_pick_up__builder.hpp
[289.636s] -- Symlinking: /ros2_ws/install/as2_msgs/include/as2_msgs/as2_msgs/srv/detail/package_pick_up__struct.hpp
[289.645s] -- Symlinking: /ros2_ws/install/as2_msgs/include/as2_msgs/as2_msgs/srv/detail/package_pick_up__traits.hpp
[289.654s] -- Symlinking: /ros2_ws/install/as2_msgs/include/as2_msgs/as2_msgs/srv/detail/package_pick_up__type_support.hpp
[289.663s] -- Symlinking: /ros2_ws/install/as2_msgs/include/as2_msgs/as2_msgs/srv/detail/package_un_pick__builder.hpp
[289.672s] -- Symlinking: /ros2_ws/install/as2_msgs/include/as2_msgs/as2_msgs/srv/detail/package_un_pick__struct.hpp
[289.681s] -- Symlinking: /ros2_ws/install/as2_msgs/include/as2_msgs/as2_msgs/srv/detail/package_un_pick__traits.hpp
[289.690s] -- Symlinking: /ros2_ws/install/as2_msgs/include/as2_msgs/as2_msgs/srv/detail/package_un_pick__type_support.hpp
[289.698s] -- Symlinking: /ros2_ws/install/as2_msgs/include/as2_msgs/as2_msgs/srv/detail/path_to_geopath__builder.hpp
[289.707s] -- Symlinking: /ros2_ws/install/as2_msgs/include/as2_msgs/as2_msgs/srv/detail/path_to_geopath__struct.hpp
[289.717s] -- Symlinking: /ros2_ws/install/as2_msgs/include/as2_msgs/as2_msgs/srv/detail/path_to_geopath__traits.hpp
[289.727s] -- Symlinking: /ros2_ws/install/as2_msgs/include/as2_msgs/as2_msgs/srv/detail/path_to_geopath__type_support.hpp
[289.736s] -- Symlinking: /ros2_ws/install/as2_msgs/include/as2_msgs/as2_msgs/srv/detail/set_control_mode__builder.hpp
[289.745s] -- Symlinking: /ros2_ws/install/as2_msgs/include/as2_msgs/as2_msgs/srv/detail/set_control_mode__struct.hpp
[289.753s] -- Symlinking: /ros2_ws/install/as2_msgs/include/as2_msgs/as2_msgs/srv/detail/set_control_mode__traits.hpp
[289.762s] -- Symlinking: /ros2_ws/install/as2_msgs/include/as2_msgs/as2_msgs/srv/detail/set_control_mode__type_support.hpp
[289.771s] -- Symlinking: /ros2_ws/install/as2_msgs/include/as2_msgs/as2_msgs/srv/detail/set_geozone__builder.hpp
[289.779s] -- Symlinking: /ros2_ws/install/as2_msgs/include/as2_msgs/as2_msgs/srv/detail/set_geozone__struct.hpp
[289.788s] -- Symlinking: /ros2_ws/install/as2_msgs/include/as2_msgs/as2_msgs/srv/detail/set_geozone__traits.hpp
[289.796s] -- Symlinking: /ros2_ws/install/as2_msgs/include/as2_msgs/as2_msgs/srv/detail/set_geozone__type_support.hpp
[289.805s] -- Symlinking: /ros2_ws/install/as2_msgs/include/as2_msgs/as2_msgs/srv/detail/set_origin__builder.hpp
[289.814s] -- Symlinking: /ros2_ws/install/as2_msgs/include/as2_msgs/as2_msgs/srv/detail/set_origin__struct.hpp
[289.822s] -- Symlinking: /ros2_ws/install/as2_msgs/include/as2_msgs/as2_msgs/srv/detail/set_origin__traits.hpp
[289.831s] -- Symlinking: /ros2_ws/install/as2_msgs/include/as2_msgs/as2_msgs/srv/detail/set_origin__type_support.hpp
[289.840s] -- Symlinking: /ros2_ws/install/as2_msgs/include/as2_msgs/as2_msgs/srv/detail/set_platform_state_machine_event__builder.hpp
[289.849s] -- Symlinking: /ros2_ws/install/as2_msgs/include/as2_msgs/as2_msgs/srv/detail/set_platform_state_machine_event__struct.hpp
[289.858s] -- Symlinking: /ros2_ws/install/as2_msgs/include/as2_msgs/as2_msgs/srv/detail/set_platform_state_machine_event__traits.hpp
[289.866s] -- Symlinking: /ros2_ws/install/as2_msgs/include/as2_msgs/as2_msgs/srv/detail/set_platform_state_machine_event__type_support.hpp
[289.875s] -- Symlinking: /ros2_ws/install/as2_msgs/include/as2_msgs/as2_msgs/srv/detail/set_speed__builder.hpp
[289.884s] -- Symlinking: /ros2_ws/install/as2_msgs/include/as2_msgs/as2_msgs/srv/detail/set_speed__struct.hpp
[289.893s] -- Symlinking: /ros2_ws/install/as2_msgs/include/as2_msgs/as2_msgs/srv/detail/set_speed__traits.hpp
[289.901s] -- Symlinking: /ros2_ws/install/as2_msgs/include/as2_msgs/as2_msgs/srv/detail/set_speed__type_support.hpp
[289.910s] -- Symlinking: /ros2_ws/install/as2_msgs/include/as2_msgs/as2_msgs/srv/dynamic_follower.hpp
[289.919s] -- Symlinking: /ros2_ws/install/as2_msgs/include/as2_msgs/as2_msgs/srv/dynamic_land.hpp
[289.929s] -- Symlinking: /ros2_ws/install/as2_msgs/include/as2_msgs/as2_msgs/srv/geopath_to_path.hpp
[289.938s] -- Symlinking: /ros2_ws/install/as2_msgs/include/as2_msgs/as2_msgs/srv/get_geozone.hpp
[289.947s] -- Symlinking: /ros2_ws/install/as2_msgs/include/as2_msgs/as2_msgs/srv/get_origin.hpp
[289.957s] -- Symlinking: /ros2_ws/install/as2_msgs/include/as2_msgs/as2_msgs/srv/list_control_modes.hpp
[289.966s] -- Symlinking: /ros2_ws/install/as2_msgs/include/as2_msgs/as2_msgs/srv/modify_swarm.hpp
[289.975s] -- Symlinking: /ros2_ws/install/as2_msgs/include/as2_msgs/as2_msgs/srv/package_pick_up.hpp
[289.985s] -- Symlinking: /ros2_ws/install/as2_msgs/include/as2_msgs/as2_msgs/srv/package_un_pick.hpp
[289.994s] -- Symlinking: /ros2_ws/install/as2_msgs/include/as2_msgs/as2_msgs/srv/path_to_geopath.hpp
[290.003s] -- Symlinking: /ros2_ws/install/as2_msgs/include/as2_msgs/as2_msgs/srv/set_control_mode.hpp
[290.012s] -- Symlinking: /ros2_ws/install/as2_msgs/include/as2_msgs/as2_msgs/srv/set_geozone.hpp
[290.021s] -- Symlinking: /ros2_ws/install/as2_msgs/include/as2_msgs/as2_msgs/srv/set_origin.hpp
[290.031s] -- Symlinking: /ros2_ws/install/as2_msgs/include/as2_msgs/as2_msgs/srv/set_platform_state_machine_event.hpp
[290.041s] -- Symlinking: /ros2_ws/install/as2_msgs/include/as2_msgs/as2_msgs/srv/set_speed.hpp
[290.052s] -- Symlinking: /ros2_ws/install/as2_msgs/include/as2_msgs/as2_msgs/action/detail/detect_aruco_markers__rosidl_typesupport_fastrtps_cpp.hpp
[290.062s] -- Symlinking: /ros2_ws/install/as2_msgs/include/as2_msgs/as2_msgs/action/detail/follow_path__rosidl_typesupport_fastrtps_cpp.hpp
[290.071s] -- Symlinking: /ros2_ws/install/as2_msgs/include/as2_msgs/as2_msgs/action/detail/follow_reference__rosidl_typesupport_fastrtps_cpp.hpp
[290.080s] -- Symlinking: /ros2_ws/install/as2_msgs/include/as2_msgs/as2_msgs/action/detail/generate_polynomial_trajectory__rosidl_typesupport_fastrtps_cpp.hpp
[290.089s] -- Symlinking: /ros2_ws/install/as2_msgs/include/as2_msgs/as2_msgs/action/detail/go_to_waypoint__rosidl_typesupport_fastrtps_cpp.hpp
[290.099s] -- Symlinking: /ros2_ws/install/as2_msgs/include/as2_msgs/as2_msgs/action/detail/land__rosidl_typesupport_fastrtps_cpp.hpp
[290.108s] -- Symlinking: /ros2_ws/install/as2_msgs/include/as2_msgs/as2_msgs/action/detail/navigate_to_point__rosidl_typesupport_fastrtps_cpp.hpp
[290.117s] -- Symlinking: /ros2_ws/install/as2_msgs/include/as2_msgs/as2_msgs/action/detail/point_gimbal__rosidl_typesupport_fastrtps_cpp.hpp
[290.128s] -- Symlinking: /ros2_ws/install/as2_msgs/include/as2_msgs/as2_msgs/action/detail/set_arming_state__rosidl_typesupport_fastrtps_cpp.hpp
[290.138s] -- Symlinking: /ros2_ws/install/as2_msgs/include/as2_msgs/as2_msgs/action/detail/set_offboard_mode__rosidl_typesupport_fastrtps_cpp.hpp
[290.147s] -- Symlinking: /ros2_ws/install/as2_msgs/include/as2_msgs/as2_msgs/action/detail/swarm_flocking__rosidl_typesupport_fastrtps_cpp.hpp
[290.157s] -- Symlinking: /ros2_ws/install/as2_msgs/include/as2_msgs/as2_msgs/action/detail/takeoff__rosidl_typesupport_fastrtps_cpp.hpp
[290.166s] -- Symlinking: /ros2_ws/install/as2_msgs/include/as2_msgs/as2_msgs/msg/detail/acro__rosidl_typesupport_fastrtps_cpp.hpp
[290.175s] -- Symlinking: /ros2_ws/install/as2_msgs/include/as2_msgs/as2_msgs/msg/detail/alert_event__rosidl_typesupport_fastrtps_cpp.hpp
[290.185s] -- Symlinking: /ros2_ws/install/as2_msgs/include/as2_msgs/as2_msgs/msg/detail/behavior_status__rosidl_typesupport_fastrtps_cpp.hpp
[290.194s] -- Symlinking: /ros2_ws/install/as2_msgs/include/as2_msgs/as2_msgs/msg/detail/control_mode__rosidl_typesupport_fastrtps_cpp.hpp
[290.203s] -- Symlinking: /ros2_ws/install/as2_msgs/include/as2_msgs/as2_msgs/msg/detail/controller_info__rosidl_typesupport_fastrtps_cpp.hpp
[290.213s] -- Symlinking: /ros2_ws/install/as2_msgs/include/as2_msgs/as2_msgs/msg/detail/follow_target_info__rosidl_typesupport_fastrtps_cpp.hpp
[290.222s] -- Symlinking: /ros2_ws/install/as2_msgs/include/as2_msgs/as2_msgs/msg/detail/geozone__rosidl_typesupport_fastrtps_cpp.hpp
[290.231s] -- Symlinking: /ros2_ws/install/as2_msgs/include/as2_msgs/as2_msgs/msg/detail/gimbal_control__rosidl_typesupport_fastrtps_cpp.hpp
[290.240s] -- Symlinking: /ros2_ws/install/as2_msgs/include/as2_msgs/as2_msgs/msg/detail/mission_event__rosidl_typesupport_fastrtps_cpp.hpp
[290.248s] -- Symlinking: /ros2_ws/install/as2_msgs/include/as2_msgs/as2_msgs/msg/detail/mission_update__rosidl_typesupport_fastrtps_cpp.hpp
[290.257s] -- Symlinking: /ros2_ws/install/as2_msgs/include/as2_msgs/as2_msgs/msg/detail/node_status__rosidl_typesupport_fastrtps_cpp.hpp
[290.266s] -- Symlinking: /ros2_ws/install/as2_msgs/include/as2_msgs/as2_msgs/msg/detail/platform_info__rosidl_typesupport_fastrtps_cpp.hpp
[290.275s] -- Symlinking: /ros2_ws/install/as2_msgs/include/as2_msgs/as2_msgs/msg/detail/platform_state_machine_event__rosidl_typesupport_fastrtps_cpp.hpp
[290.283s] -- Symlinking: /ros2_ws/install/as2_msgs/include/as2_msgs/as2_msgs/msg/detail/platform_status__rosidl_typesupport_fastrtps_cpp.hpp
[290.292s] -- Symlinking: /ros2_ws/install/as2_msgs/include/as2_msgs/as2_msgs/msg/detail/polygon_list__rosidl_typesupport_fastrtps_cpp.hpp
[290.300s] -- Symlinking: /ros2_ws/install/as2_msgs/include/as2_msgs/as2_msgs/msg/detail/pose_stamped_with_id__rosidl_typesupport_fastrtps_cpp.hpp
[290.309s] -- Symlinking: /ros2_ws/install/as2_msgs/include/as2_msgs/as2_msgs/msg/detail/pose_stamped_with_id_array__rosidl_typesupport_fastrtps_cpp.hpp
[290.318s] -- Symlinking: /ros2_ws/install/as2_msgs/include/as2_msgs/as2_msgs/msg/detail/pose_with_id__rosidl_typesupport_fastrtps_cpp.hpp
[290.328s] -- Symlinking: /ros2_ws/install/as2_msgs/include/as2_msgs/as2_msgs/msg/detail/pose_with_id_array__rosidl_typesupport_fastrtps_cpp.hpp
[290.338s] -- Symlinking: /ros2_ws/install/as2_msgs/include/as2_msgs/as2_msgs/msg/detail/speed__rosidl_typesupport_fastrtps_cpp.hpp
[290.350s] -- Symlinking: /ros2_ws/install/as2_msgs/include/as2_msgs/as2_msgs/msg/detail/thrust__rosidl_typesupport_fastrtps_cpp.hpp
[290.361s] -- Symlinking: /ros2_ws/install/as2_msgs/include/as2_msgs/as2_msgs/msg/detail/traj_gen_info__rosidl_typesupport_fastrtps_cpp.hpp
[290.371s] -- Symlinking: /ros2_ws/install/as2_msgs/include/as2_msgs/as2_msgs/msg/detail/trajectory_point__rosidl_typesupport_fastrtps_cpp.hpp
[290.381s] -- Symlinking: /ros2_ws/install/as2_msgs/include/as2_msgs/as2_msgs/msg/detail/trajectory_setpoints__rosidl_typesupport_fastrtps_cpp.hpp
[290.392s] -- Symlinking: /ros2_ws/install/as2_msgs/include/as2_msgs/as2_msgs/msg/detail/u_int16_multi_array_stamped__rosidl_typesupport_fastrtps_cpp.hpp
[290.402s] -- Symlinking: /ros2_ws/install/as2_msgs/include/as2_msgs/as2_msgs/msg/detail/yaw_mode__rosidl_typesupport_fastrtps_cpp.hpp
[290.412s] -- Symlinking: /ros2_ws/install/as2_msgs/include/as2_msgs/as2_msgs/msg/rosidl_typesupport_fastrtps_cpp__visibility_control.h
[290.423s] -- Symlinking: /ros2_ws/install/as2_msgs/include/as2_msgs/as2_msgs/srv/detail/add_static_transform__rosidl_typesupport_fastrtps_cpp.hpp
[290.433s] -- Symlinking: /ros2_ws/install/as2_msgs/include/as2_msgs/as2_msgs/srv/detail/add_static_transform_gps__rosidl_typesupport_fastrtps_cpp.hpp
[290.443s] -- Symlinking: /ros2_ws/install/as2_msgs/include/as2_msgs/as2_msgs/srv/detail/dynamic_follower__rosidl_typesupport_fastrtps_cpp.hpp
[290.454s] -- Symlinking: /ros2_ws/install/as2_msgs/include/as2_msgs/as2_msgs/srv/detail/dynamic_land__rosidl_typesupport_fastrtps_cpp.hpp
[290.465s] -- Symlinking: /ros2_ws/install/as2_msgs/include/as2_msgs/as2_msgs/srv/detail/geopath_to_path__rosidl_typesupport_fastrtps_cpp.hpp
[290.475s] -- Symlinking: /ros2_ws/install/as2_msgs/include/as2_msgs/as2_msgs/srv/detail/get_geozone__rosidl_typesupport_fastrtps_cpp.hpp
[290.485s] -- Symlinking: /ros2_ws/install/as2_msgs/include/as2_msgs/as2_msgs/srv/detail/get_origin__rosidl_typesupport_fastrtps_cpp.hpp
[290.496s] -- Symlinking: /ros2_ws/install/as2_msgs/include/as2_msgs/as2_msgs/srv/detail/list_control_modes__rosidl_typesupport_fastrtps_cpp.hpp
[290.506s] -- Symlinking: /ros2_ws/install/as2_msgs/include/as2_msgs/as2_msgs/srv/detail/modify_swarm__rosidl_typesupport_fastrtps_cpp.hpp
[290.516s] -- Symlinking: /ros2_ws/install/as2_msgs/include/as2_msgs/as2_msgs/srv/detail/package_pick_up__rosidl_typesupport_fastrtps_cpp.hpp
[290.527s] -- Symlinking: /ros2_ws/install/as2_msgs/include/as2_msgs/as2_msgs/srv/detail/package_un_pick__rosidl_typesupport_fastrtps_cpp.hpp
[290.537s] -- Symlinking: /ros2_ws/install/as2_msgs/include/as2_msgs/as2_msgs/srv/detail/path_to_geopath__rosidl_typesupport_fastrtps_cpp.hpp
[290.547s] -- Symlinking: /ros2_ws/install/as2_msgs/include/as2_msgs/as2_msgs/srv/detail/set_control_mode__rosidl_typesupport_fastrtps_cpp.hpp
[290.556s] -- Symlinking: /ros2_ws/install/as2_msgs/include/as2_msgs/as2_msgs/srv/detail/set_geozone__rosidl_typesupport_fastrtps_cpp.hpp
[290.567s] -- Symlinking: /ros2_ws/install/as2_msgs/include/as2_msgs/as2_msgs/srv/detail/set_origin__rosidl_typesupport_fastrtps_cpp.hpp
[290.576s] -- Symlinking: /ros2_ws/install/as2_msgs/include/as2_msgs/as2_msgs/srv/detail/set_platform_state_machine_event__rosidl_typesupport_fastrtps_cpp.hpp
[290.587s] -- Symlinking: /ros2_ws/install/as2_msgs/include/as2_msgs/as2_msgs/srv/detail/set_speed__rosidl_typesupport_fastrtps_cpp.hpp
[290.598s] -- Symlinking: /ros2_ws/install/as2_msgs/include/as2_msgs/as2_msgs/action/detail/detect_aruco_markers__rosidl_typesupport_introspection_cpp.hpp
[290.607s] -- Symlinking: /ros2_ws/install/as2_msgs/include/as2_msgs/as2_msgs/action/detail/follow_path__rosidl_typesupport_introspection_cpp.hpp
[290.616s] -- Symlinking: /ros2_ws/install/as2_msgs/include/as2_msgs/as2_msgs/action/detail/follow_reference__rosidl_typesupport_introspection_cpp.hpp
[290.625s] -- Symlinking: /ros2_ws/install/as2_msgs/include/as2_msgs/as2_msgs/action/detail/generate_polynomial_trajectory__rosidl_typesupport_introspection_cpp.hpp
[290.633s] -- Symlinking: /ros2_ws/install/as2_msgs/include/as2_msgs/as2_msgs/action/detail/go_to_waypoint__rosidl_typesupport_introspection_cpp.hpp
[290.642s] -- Symlinking: /ros2_ws/install/as2_msgs/include/as2_msgs/as2_msgs/action/detail/land__rosidl_typesupport_introspection_cpp.hpp
[290.651s] -- Symlinking: /ros2_ws/install/as2_msgs/include/as2_msgs/as2_msgs/action/detail/navigate_to_point__rosidl_typesupport_introspection_cpp.hpp
[290.659s] -- Symlinking: /ros2_ws/install/as2_msgs/include/as2_msgs/as2_msgs/action/detail/point_gimbal__rosidl_typesupport_introspection_cpp.hpp
[290.668s] -- Symlinking: /ros2_ws/install/as2_msgs/include/as2_msgs/as2_msgs/action/detail/set_arming_state__rosidl_typesupport_introspection_cpp.hpp
[290.677s] -- Symlinking: /ros2_ws/install/as2_msgs/include/as2_msgs/as2_msgs/action/detail/set_offboard_mode__rosidl_typesupport_introspection_cpp.hpp
[290.685s] -- Symlinking: /ros2_ws/install/as2_msgs/include/as2_msgs/as2_msgs/action/detail/swarm_flocking__rosidl_typesupport_introspection_cpp.hpp
[290.694s] -- Symlinking: /ros2_ws/install/as2_msgs/include/as2_msgs/as2_msgs/action/detail/takeoff__rosidl_typesupport_introspection_cpp.hpp
[290.703s] -- Symlinking: /ros2_ws/install/as2_msgs/include/as2_msgs/as2_msgs/msg/detail/acro__rosidl_typesupport_introspection_cpp.hpp
[290.711s] -- Symlinking: /ros2_ws/install/as2_msgs/include/as2_msgs/as2_msgs/msg/detail/alert_event__rosidl_typesupport_introspection_cpp.hpp
[290.720s] -- Symlinking: /ros2_ws/install/as2_msgs/include/as2_msgs/as2_msgs/msg/detail/behavior_status__rosidl_typesupport_introspection_cpp.hpp
[290.728s] -- Symlinking: /ros2_ws/install/as2_msgs/include/as2_msgs/as2_msgs/msg/detail/control_mode__rosidl_typesupport_introspection_cpp.hpp
[290.737s] -- Symlinking: /ros2_ws/install/as2_msgs/include/as2_msgs/as2_msgs/msg/detail/controller_info__rosidl_typesupport_introspection_cpp.hpp
[290.746s] -- Symlinking: /ros2_ws/install/as2_msgs/include/as2_msgs/as2_msgs/msg/detail/follow_target_info__rosidl_typesupport_introspection_cpp.hpp
[290.754s] -- Symlinking: /ros2_ws/install/as2_msgs/include/as2_msgs/as2_msgs/msg/detail/geozone__rosidl_typesupport_introspection_cpp.hpp
[290.763s] -- Symlinking: /ros2_ws/install/as2_msgs/include/as2_msgs/as2_msgs/msg/detail/gimbal_control__rosidl_typesupport_introspection_cpp.hpp
[290.771s] -- Symlinking: /ros2_ws/install/as2_msgs/include/as2_msgs/as2_msgs/msg/detail/mission_event__rosidl_typesupport_introspection_cpp.hpp
[290.780s] -- Symlinking: /ros2_ws/install/as2_msgs/include/as2_msgs/as2_msgs/msg/detail/mission_update__rosidl_typesupport_introspection_cpp.hpp
[290.789s] -- Symlinking: /ros2_ws/install/as2_msgs/include/as2_msgs/as2_msgs/msg/detail/node_status__rosidl_typesupport_introspection_cpp.hpp
[290.798s] -- Symlinking: /ros2_ws/install/as2_msgs/include/as2_msgs/as2_msgs/msg/detail/platform_info__rosidl_typesupport_introspection_cpp.hpp
[290.807s] -- Symlinking: /ros2_ws/install/as2_msgs/include/as2_msgs/as2_msgs/msg/detail/platform_state_machine_event__rosidl_typesupport_introspection_cpp.hpp
[290.817s] -- Symlinking: /ros2_ws/install/as2_msgs/include/as2_msgs/as2_msgs/msg/detail/platform_status__rosidl_typesupport_introspection_cpp.hpp
[290.827s] -- Symlinking: /ros2_ws/install/as2_msgs/include/as2_msgs/as2_msgs/msg/detail/polygon_list__rosidl_typesupport_introspection_cpp.hpp
[290.837s] -- Symlinking: /ros2_ws/install/as2_msgs/include/as2_msgs/as2_msgs/msg/detail/pose_stamped_with_id__rosidl_typesupport_introspection_cpp.hpp
[290.847s] -- Symlinking: /ros2_ws/install/as2_msgs/include/as2_msgs/as2_msgs/msg/detail/pose_stamped_with_id_array__rosidl_typesupport_introspection_cpp.hpp
[290.856s] -- Symlinking: /ros2_ws/install/as2_msgs/include/as2_msgs/as2_msgs/msg/detail/pose_with_id__rosidl_typesupport_introspection_cpp.hpp
[290.865s] -- Symlinking: /ros2_ws/install/as2_msgs/include/as2_msgs/as2_msgs/msg/detail/pose_with_id_array__rosidl_typesupport_introspection_cpp.hpp
[290.874s] -- Symlinking: /ros2_ws/install/as2_msgs/include/as2_msgs/as2_msgs/msg/detail/speed__rosidl_typesupport_introspection_cpp.hpp
[290.882s] -- Symlinking: /ros2_ws/install/as2_msgs/include/as2_msgs/as2_msgs/msg/detail/thrust__rosidl_typesupport_introspection_cpp.hpp
[290.891s] -- Symlinking: /ros2_ws/install/as2_msgs/include/as2_msgs/as2_msgs/msg/detail/traj_gen_info__rosidl_typesupport_introspection_cpp.hpp
[290.900s] -- Symlinking: /ros2_ws/install/as2_msgs/include/as2_msgs/as2_msgs/msg/detail/trajectory_point__rosidl_typesupport_introspection_cpp.hpp
[290.908s] -- Symlinking: /ros2_ws/install/as2_msgs/include/as2_msgs/as2_msgs/msg/detail/trajectory_setpoints__rosidl_typesupport_introspection_cpp.hpp
[290.917s] -- Symlinking: /ros2_ws/install/as2_msgs/include/as2_msgs/as2_msgs/msg/detail/u_int16_multi_array_stamped__rosidl_typesupport_introspection_cpp.hpp
[290.926s] -- Symlinking: /ros2_ws/install/as2_msgs/include/as2_msgs/as2_msgs/msg/detail/yaw_mode__rosidl_typesupport_introspection_cpp.hpp
[290.935s] -- Symlinking: /ros2_ws/install/as2_msgs/include/as2_msgs/as2_msgs/srv/detail/add_static_transform__rosidl_typesupport_introspection_cpp.hpp
[290.944s] -- Symlinking: /ros2_ws/install/as2_msgs/include/as2_msgs/as2_msgs/srv/detail/add_static_transform_gps__rosidl_typesupport_introspection_cpp.hpp
[290.953s] -- Symlinking: /ros2_ws/install/as2_msgs/include/as2_msgs/as2_msgs/srv/detail/dynamic_follower__rosidl_typesupport_introspection_cpp.hpp
[290.961s] -- Symlinking: /ros2_ws/install/as2_msgs/include/as2_msgs/as2_msgs/srv/detail/dynamic_land__rosidl_typesupport_introspection_cpp.hpp
[290.970s] -- Symlinking: /ros2_ws/install/as2_msgs/include/as2_msgs/as2_msgs/srv/detail/geopath_to_path__rosidl_typesupport_introspection_cpp.hpp
[290.978s] -- Symlinking: /ros2_ws/install/as2_msgs/include/as2_msgs/as2_msgs/srv/detail/get_geozone__rosidl_typesupport_introspection_cpp.hpp
[290.987s] -- Symlinking: /ros2_ws/install/as2_msgs/include/as2_msgs/as2_msgs/srv/detail/get_origin__rosidl_typesupport_introspection_cpp.hpp
[290.996s] -- Symlinking: /ros2_ws/install/as2_msgs/include/as2_msgs/as2_msgs/srv/detail/list_control_modes__rosidl_typesupport_introspection_cpp.hpp
[291.005s] -- Symlinking: /ros2_ws/install/as2_msgs/include/as2_msgs/as2_msgs/srv/detail/modify_swarm__rosidl_typesupport_introspection_cpp.hpp
[291.014s] -- Symlinking: /ros2_ws/install/as2_msgs/include/as2_msgs/as2_msgs/srv/detail/package_pick_up__rosidl_typesupport_introspection_cpp.hpp
[291.023s] -- Symlinking: /ros2_ws/install/as2_msgs/include/as2_msgs/as2_msgs/srv/detail/package_un_pick__rosidl_typesupport_introspection_cpp.hpp
[291.032s] -- Symlinking: /ros2_ws/install/as2_msgs/include/as2_msgs/as2_msgs/srv/detail/path_to_geopath__rosidl_typesupport_introspection_cpp.hpp
[291.041s] -- Symlinking: /ros2_ws/install/as2_msgs/include/as2_msgs/as2_msgs/srv/detail/set_control_mode__rosidl_typesupport_introspection_cpp.hpp
[291.052s] -- Symlinking: /ros2_ws/install/as2_msgs/include/as2_msgs/as2_msgs/srv/detail/set_geozone__rosidl_typesupport_introspection_cpp.hpp
[291.062s] -- Symlinking: /ros2_ws/install/as2_msgs/include/as2_msgs/as2_msgs/srv/detail/set_origin__rosidl_typesupport_introspection_cpp.hpp
[291.073s] -- Symlinking: /ros2_ws/install/as2_msgs/include/as2_msgs/as2_msgs/srv/detail/set_platform_state_machine_event__rosidl_typesupport_introspection_cpp.hpp
[291.084s] -- Symlinking: /ros2_ws/install/as2_msgs/include/as2_msgs/as2_msgs/srv/detail/set_speed__rosidl_typesupport_introspection_cpp.hpp
[291.096s] -- Symlinking: /ros2_ws/install/as2_msgs/share/as2_msgs/environment/pythonpath.sh
[291.106s] -- Symlinking: /ros2_ws/install/as2_msgs/share/as2_msgs/environment/pythonpath.dsv
[291.116s] -- Symlinking: /ros2_ws/install/as2_msgs/local/lib/python3.10/dist-packages/as2_msgs-1.1.3-py3.10.egg-info/PKG-INFO
[291.127s] -- Symlinking: /ros2_ws/install/as2_msgs/local/lib/python3.10/dist-packages/as2_msgs-1.1.3-py3.10.egg-info/SOURCES.txt
[291.137s] -- Symlinking: /ros2_ws/install/as2_msgs/local/lib/python3.10/dist-packages/as2_msgs-1.1.3-py3.10.egg-info/dependency_links.txt
[291.148s] -- Symlinking: /ros2_ws/install/as2_msgs/local/lib/python3.10/dist-packages/as2_msgs-1.1.3-py3.10.egg-info/top_level.txt
[291.163s] -- Symlinking: /ros2_ws/install/as2_msgs/local/lib/python3.10/dist-packages/as2_msgs/__init__.py
[291.177s] -- Symlinking: /ros2_ws/install/as2_msgs/local/lib/python3.10/dist-packages/as2_msgs/_as2_msgs_s.ep.rosidl_typesupport_c.c
[291.193s] -- Symlinking: /ros2_ws/install/as2_msgs/local/lib/python3.10/dist-packages/as2_msgs/_as2_msgs_s.ep.rosidl_typesupport_fastrtps_c.c
[291.206s] -- Symlinking: /ros2_ws/install/as2_msgs/local/lib/python3.10/dist-packages/as2_msgs/_as2_msgs_s.ep.rosidl_typesupport_introspection_c.c
[291.215s] -- Symlinking: /ros2_ws/install/as2_msgs/local/lib/python3.10/dist-packages/as2_msgs/action/__init__.py
[291.229s] -- Symlinking: /ros2_ws/install/as2_msgs/local/lib/python3.10/dist-packages/as2_msgs/action/_detect_aruco_markers.py
[291.242s] -- Symlinking: /ros2_ws/install/as2_msgs/local/lib/python3.10/dist-packages/as2_msgs/action/_detect_aruco_markers_s.c
[291.253s] -- Symlinking: /ros2_ws/install/as2_msgs/local/lib/python3.10/dist-packages/as2_msgs/action/_follow_path.py
[291.268s] -- Symlinking: /ros2_ws/install/as2_msgs/local/lib/python3.10/dist-packages/as2_msgs/action/_follow_path_s.c
[291.280s] -- Symlinking: /ros2_ws/install/as2_msgs/local/lib/python3.10/dist-packages/as2_msgs/action/_follow_reference.py
[291.293s] -- Symlinking: /ros2_ws/install/as2_msgs/local/lib/python3.10/dist-packages/as2_msgs/action/_follow_reference_s.c
[291.303s] -- Symlinking: /ros2_ws/install/as2_msgs/local/lib/python3.10/dist-packages/as2_msgs/action/_generate_polynomial_trajectory.py
[291.317s] -- Symlinking: /ros2_ws/install/as2_msgs/local/lib/python3.10/dist-packages/as2_msgs/action/_generate_polynomial_trajectory_s.c
[291.326s] -- Symlinking: /ros2_ws/install/as2_msgs/local/lib/python3.10/dist-packages/as2_msgs/action/_go_to_waypoint.py
[291.336s] -- Symlinking: /ros2_ws/install/as2_msgs/local/lib/python3.10/dist-packages/as2_msgs/action/_go_to_waypoint_s.c
[291.346s] -- Symlinking: /ros2_ws/install/as2_msgs/local/lib/python3.10/dist-packages/as2_msgs/action/_land.py
[291.355s] -- Symlinking: /ros2_ws/install/as2_msgs/local/lib/python3.10/dist-packages/as2_msgs/action/_land_s.c
[291.364s] -- Symlinking: /ros2_ws/install/as2_msgs/local/lib/python3.10/dist-packages/as2_msgs/action/_navigate_to_point.py
[291.376s] -- Symlinking: /ros2_ws/install/as2_msgs/local/lib/python3.10/dist-packages/as2_msgs/action/_navigate_to_point_s.c
[291.386s] -- Symlinking: /ros2_ws/install/as2_msgs/local/lib/python3.10/dist-packages/as2_msgs/action/_point_gimbal.py
[291.396s] -- Symlinking: /ros2_ws/install/as2_msgs/local/lib/python3.10/dist-packages/as2_msgs/action/_point_gimbal_s.c
[291.407s] -- Symlinking: /ros2_ws/install/as2_msgs/local/lib/python3.10/dist-packages/as2_msgs/action/_set_arming_state.py
[291.417s] -- Symlinking: /ros2_ws/install/as2_msgs/local/lib/python3.10/dist-packages/as2_msgs/action/_set_arming_state_s.c
[291.427s] -- Symlinking: /ros2_ws/install/as2_msgs/local/lib/python3.10/dist-packages/as2_msgs/action/_set_offboard_mode.py
[291.436s] -- Symlinking: /ros2_ws/install/as2_msgs/local/lib/python3.10/dist-packages/as2_msgs/action/_set_offboard_mode_s.c
[291.447s] -- Symlinking: /ros2_ws/install/as2_msgs/local/lib/python3.10/dist-packages/as2_msgs/action/_swarm_flocking.py
[291.458s] -- Symlinking: /ros2_ws/install/as2_msgs/local/lib/python3.10/dist-packages/as2_msgs/action/_swarm_flocking_s.c
[291.467s] -- Symlinking: /ros2_ws/install/as2_msgs/local/lib/python3.10/dist-packages/as2_msgs/action/_takeoff.py
[291.478s] -- Symlinking: /ros2_ws/install/as2_msgs/local/lib/python3.10/dist-packages/as2_msgs/action/_takeoff_s.c
[291.488s] -- Symlinking: /ros2_ws/install/as2_msgs/local/lib/python3.10/dist-packages/as2_msgs/as2_msgs_s__rosidl_typesupport_c.cpython-310-x86_64-linux-gnu.so
[291.497s] -- Symlinking: /ros2_ws/install/as2_msgs/local/lib/python3.10/dist-packages/as2_msgs/as2_msgs_s__rosidl_typesupport_fastrtps_c.cpython-310-x86_64-linux-gnu.so
[291.508s] -- Symlinking: /ros2_ws/install/as2_msgs/local/lib/python3.10/dist-packages/as2_msgs/as2_msgs_s__rosidl_typesupport_introspection_c.cpython-310-x86_64-linux-gnu.so
[291.518s] -- Symlinking: /ros2_ws/install/as2_msgs/local/lib/python3.10/dist-packages/as2_msgs/libas2_msgs__rosidl_generator_py.so
[291.528s] -- Symlinking: /ros2_ws/install/as2_msgs/local/lib/python3.10/dist-packages/as2_msgs/msg/__init__.py
[291.537s] -- Symlinking: /ros2_ws/install/as2_msgs/local/lib/python3.10/dist-packages/as2_msgs/msg/_acro.py
[291.546s] -- Symlinking: /ros2_ws/install/as2_msgs/local/lib/python3.10/dist-packages/as2_msgs/msg/_acro_s.c
[291.555s] -- Symlinking: /ros2_ws/install/as2_msgs/local/lib/python3.10/dist-packages/as2_msgs/msg/_alert_event.py
[291.563s] -- Symlinking: /ros2_ws/install/as2_msgs/local/lib/python3.10/dist-packages/as2_msgs/msg/_alert_event_s.c
[291.572s] -- Symlinking: /ros2_ws/install/as2_msgs/local/lib/python3.10/dist-packages/as2_msgs/msg/_behavior_status.py
[291.581s] -- Symlinking: /ros2_ws/install/as2_msgs/local/lib/python3.10/dist-packages/as2_msgs/msg/_behavior_status_s.c
[291.589s] -- Symlinking: /ros2_ws/install/as2_msgs/local/lib/python3.10/dist-packages/as2_msgs/msg/_control_mode.py
[291.598s] -- Symlinking: /ros2_ws/install/as2_msgs/local/lib/python3.10/dist-packages/as2_msgs/msg/_control_mode_s.c
[291.606s] -- Symlinking: /ros2_ws/install/as2_msgs/local/lib/python3.10/dist-packages/as2_msgs/msg/_controller_info.py
[291.614s] -- Symlinking: /ros2_ws/install/as2_msgs/local/lib/python3.10/dist-packages/as2_msgs/msg/_controller_info_s.c
[291.623s] -- Symlinking: /ros2_ws/install/as2_msgs/local/lib/python3.10/dist-packages/as2_msgs/msg/_follow_target_info.py
[291.631s] -- Symlinking: /ros2_ws/install/as2_msgs/local/lib/python3.10/dist-packages/as2_msgs/msg/_follow_target_info_s.c
[291.640s] -- Symlinking: /ros2_ws/install/as2_msgs/local/lib/python3.10/dist-packages/as2_msgs/msg/_geozone.py
[291.649s] -- Symlinking: /ros2_ws/install/as2_msgs/local/lib/python3.10/dist-packages/as2_msgs/msg/_geozone_s.c
[291.657s] -- Symlinking: /ros2_ws/install/as2_msgs/local/lib/python3.10/dist-packages/as2_msgs/msg/_gimbal_control.py
[291.666s] -- Symlinking: /ros2_ws/install/as2_msgs/local/lib/python3.10/dist-packages/as2_msgs/msg/_gimbal_control_s.c
[291.675s] -- Symlinking: /ros2_ws/install/as2_msgs/local/lib/python3.10/dist-packages/as2_msgs/msg/_mission_event.py
[291.683s] -- Symlinking: /ros2_ws/install/as2_msgs/local/lib/python3.10/dist-packages/as2_msgs/msg/_mission_event_s.c
[291.692s] -- Symlinking: /ros2_ws/install/as2_msgs/local/lib/python3.10/dist-packages/as2_msgs/msg/_mission_update.py
[291.700s] -- Symlinking: /ros2_ws/install/as2_msgs/local/lib/python3.10/dist-packages/as2_msgs/msg/_mission_update_s.c
[291.709s] -- Symlinking: /ros2_ws/install/as2_msgs/local/lib/python3.10/dist-packages/as2_msgs/msg/_node_status.py
[291.718s] -- Symlinking: /ros2_ws/install/as2_msgs/local/lib/python3.10/dist-packages/as2_msgs/msg/_node_status_s.c
[291.726s] -- Symlinking: /ros2_ws/install/as2_msgs/local/lib/python3.10/dist-packages/as2_msgs/msg/_platform_info.py
[291.735s] -- Symlinking: /ros2_ws/install/as2_msgs/local/lib/python3.10/dist-packages/as2_msgs/msg/_platform_info_s.c
[291.744s] -- Symlinking: /ros2_ws/install/as2_msgs/local/lib/python3.10/dist-packages/as2_msgs/msg/_platform_state_machine_event.py
[291.753s] -- Symlinking: /ros2_ws/install/as2_msgs/local/lib/python3.10/dist-packages/as2_msgs/msg/_platform_state_machine_event_s.c
[291.761s] -- Symlinking: /ros2_ws/install/as2_msgs/local/lib/python3.10/dist-packages/as2_msgs/msg/_platform_status.py
[291.770s] -- Symlinking: /ros2_ws/install/as2_msgs/local/lib/python3.10/dist-packages/as2_msgs/msg/_platform_status_s.c
[291.779s] -- Symlinking: /ros2_ws/install/as2_msgs/local/lib/python3.10/dist-packages/as2_msgs/msg/_polygon_list.py
[291.787s] -- Symlinking: /ros2_ws/install/as2_msgs/local/lib/python3.10/dist-packages/as2_msgs/msg/_polygon_list_s.c
[291.796s] -- Symlinking: /ros2_ws/install/as2_msgs/local/lib/python3.10/dist-packages/as2_msgs/msg/_pose_stamped_with_id.py
[291.805s] -- Symlinking: /ros2_ws/install/as2_msgs/local/lib/python3.10/dist-packages/as2_msgs/msg/_pose_stamped_with_id_array.py
[291.813s] -- Symlinking: /ros2_ws/install/as2_msgs/local/lib/python3.10/dist-packages/as2_msgs/msg/_pose_stamped_with_id_array_s.c
[291.822s] -- Symlinking: /ros2_ws/install/as2_msgs/local/lib/python3.10/dist-packages/as2_msgs/msg/_pose_stamped_with_id_s.c
[291.831s] -- Symlinking: /ros2_ws/install/as2_msgs/local/lib/python3.10/dist-packages/as2_msgs/msg/_pose_with_id.py
[291.839s] -- Symlinking: /ros2_ws/install/as2_msgs/local/lib/python3.10/dist-packages/as2_msgs/msg/_pose_with_id_array.py
[291.848s] -- Symlinking: /ros2_ws/install/as2_msgs/local/lib/python3.10/dist-packages/as2_msgs/msg/_pose_with_id_array_s.c
[291.857s] -- Symlinking: /ros2_ws/install/as2_msgs/local/lib/python3.10/dist-packages/as2_msgs/msg/_pose_with_id_s.c
[291.866s] -- Symlinking: /ros2_ws/install/as2_msgs/local/lib/python3.10/dist-packages/as2_msgs/msg/_speed.py
[291.874s] -- Symlinking: /ros2_ws/install/as2_msgs/local/lib/python3.10/dist-packages/as2_msgs/msg/_speed_s.c
[291.883s] -- Symlinking: /ros2_ws/install/as2_msgs/local/lib/python3.10/dist-packages/as2_msgs/msg/_thrust.py
[291.892s] -- Symlinking: /ros2_ws/install/as2_msgs/local/lib/python3.10/dist-packages/as2_msgs/msg/_thrust_s.c
[291.900s] -- Symlinking: /ros2_ws/install/as2_msgs/local/lib/python3.10/dist-packages/as2_msgs/msg/_traj_gen_info.py
[291.909s] -- Symlinking: /ros2_ws/install/as2_msgs/local/lib/python3.10/dist-packages/as2_msgs/msg/_traj_gen_info_s.c
[291.918s] -- Symlinking: /ros2_ws/install/as2_msgs/local/lib/python3.10/dist-packages/as2_msgs/msg/_trajectory_point.py
[291.927s] -- Symlinking: /ros2_ws/install/as2_msgs/local/lib/python3.10/dist-packages/as2_msgs/msg/_trajectory_point_s.c
[291.935s] -- Symlinking: /ros2_ws/install/as2_msgs/local/lib/python3.10/dist-packages/as2_msgs/msg/_trajectory_setpoints.py
[291.944s] -- Symlinking: /ros2_ws/install/as2_msgs/local/lib/python3.10/dist-packages/as2_msgs/msg/_trajectory_setpoints_s.c
[291.953s] -- Symlinking: /ros2_ws/install/as2_msgs/local/lib/python3.10/dist-packages/as2_msgs/msg/_u_int16_multi_array_stamped.py
[291.962s] -- Symlinking: /ros2_ws/install/as2_msgs/local/lib/python3.10/dist-packages/as2_msgs/msg/_u_int16_multi_array_stamped_s.c
[291.971s] -- Symlinking: /ros2_ws/install/as2_msgs/local/lib/python3.10/dist-packages/as2_msgs/msg/_yaw_mode.py
[291.979s] -- Symlinking: /ros2_ws/install/as2_msgs/local/lib/python3.10/dist-packages/as2_msgs/msg/_yaw_mode_s.c
[291.988s] -- Symlinking: /ros2_ws/install/as2_msgs/local/lib/python3.10/dist-packages/as2_msgs/srv/__init__.py
[291.997s] -- Symlinking: /ros2_ws/install/as2_msgs/local/lib/python3.10/dist-packages/as2_msgs/srv/_add_static_transform.py
[292.008s] -- Symlinking: /ros2_ws/install/as2_msgs/local/lib/python3.10/dist-packages/as2_msgs/srv/_add_static_transform_gps.py
[292.017s] -- Symlinking: /ros2_ws/install/as2_msgs/local/lib/python3.10/dist-packages/as2_msgs/srv/_add_static_transform_gps_s.c
[292.026s] -- Symlinking: /ros2_ws/install/as2_msgs/local/lib/python3.10/dist-packages/as2_msgs/srv/_add_static_transform_s.c
[292.035s] -- Symlinking: /ros2_ws/install/as2_msgs/local/lib/python3.10/dist-packages/as2_msgs/srv/_dynamic_follower.py
[292.044s] -- Symlinking: /ros2_ws/install/as2_msgs/local/lib/python3.10/dist-packages/as2_msgs/srv/_dynamic_follower_s.c
[292.053s] -- Symlinking: /ros2_ws/install/as2_msgs/local/lib/python3.10/dist-packages/as2_msgs/srv/_dynamic_land.py
[292.061s] -- Symlinking: /ros2_ws/install/as2_msgs/local/lib/python3.10/dist-packages/as2_msgs/srv/_dynamic_land_s.c
[292.070s] -- Symlinking: /ros2_ws/install/as2_msgs/local/lib/python3.10/dist-packages/as2_msgs/srv/_geopath_to_path.py
[292.080s] -- Symlinking: /ros2_ws/install/as2_msgs/local/lib/python3.10/dist-packages/as2_msgs/srv/_geopath_to_path_s.c
[292.088s] -- Symlinking: /ros2_ws/install/as2_msgs/local/lib/python3.10/dist-packages/as2_msgs/srv/_get_geozone.py
[292.097s] -- Symlinking: /ros2_ws/install/as2_msgs/local/lib/python3.10/dist-packages/as2_msgs/srv/_get_geozone_s.c
[292.106s] -- Symlinking: /ros2_ws/install/as2_msgs/local/lib/python3.10/dist-packages/as2_msgs/srv/_get_origin.py
[292.114s] -- Symlinking: /ros2_ws/install/as2_msgs/local/lib/python3.10/dist-packages/as2_msgs/srv/_get_origin_s.c
[292.123s] -- Symlinking: /ros2_ws/install/as2_msgs/local/lib/python3.10/dist-packages/as2_msgs/srv/_list_control_modes.py
[292.131s] -- Symlinking: /ros2_ws/install/as2_msgs/local/lib/python3.10/dist-packages/as2_msgs/srv/_list_control_modes_s.c
[292.140s] -- Symlinking: /ros2_ws/install/as2_msgs/local/lib/python3.10/dist-packages/as2_msgs/srv/_modify_swarm.py
[292.149s] -- Symlinking: /ros2_ws/install/as2_msgs/local/lib/python3.10/dist-packages/as2_msgs/srv/_modify_swarm_s.c
[292.157s] -- Symlinking: /ros2_ws/install/as2_msgs/local/lib/python3.10/dist-packages/as2_msgs/srv/_package_pick_up.py
[292.167s] -- Symlinking: /ros2_ws/install/as2_msgs/local/lib/python3.10/dist-packages/as2_msgs/srv/_package_pick_up_s.c
[292.176s] -- Symlinking: /ros2_ws/install/as2_msgs/local/lib/python3.10/dist-packages/as2_msgs/srv/_package_un_pick.py
[292.185s] -- Symlinking: /ros2_ws/install/as2_msgs/local/lib/python3.10/dist-packages/as2_msgs/srv/_package_un_pick_s.c
[292.194s] -- Symlinking: /ros2_ws/install/as2_msgs/local/lib/python3.10/dist-packages/as2_msgs/srv/_path_to_geopath.py
[292.205s] -- Symlinking: /ros2_ws/install/as2_msgs/local/lib/python3.10/dist-packages/as2_msgs/srv/_path_to_geopath_s.c
[292.214s] -- Symlinking: /ros2_ws/install/as2_msgs/local/lib/python3.10/dist-packages/as2_msgs/srv/_set_control_mode.py
[292.223s] -- Symlinking: /ros2_ws/install/as2_msgs/local/lib/python3.10/dist-packages/as2_msgs/srv/_set_control_mode_s.c
[292.233s] -- Symlinking: /ros2_ws/install/as2_msgs/local/lib/python3.10/dist-packages/as2_msgs/srv/_set_geozone.py
[292.243s] -- Symlinking: /ros2_ws/install/as2_msgs/local/lib/python3.10/dist-packages/as2_msgs/srv/_set_geozone_s.c
[292.253s] -- Symlinking: /ros2_ws/install/as2_msgs/local/lib/python3.10/dist-packages/as2_msgs/srv/_set_origin.py
[292.263s] -- Symlinking: /ros2_ws/install/as2_msgs/local/lib/python3.10/dist-packages/as2_msgs/srv/_set_origin_s.c
[292.273s] -- Symlinking: /ros2_ws/install/as2_msgs/local/lib/python3.10/dist-packages/as2_msgs/srv/_set_platform_state_machine_event.py
[292.282s] -- Symlinking: /ros2_ws/install/as2_msgs/local/lib/python3.10/dist-packages/as2_msgs/srv/_set_platform_state_machine_event_s.c
[292.291s] -- Symlinking: /ros2_ws/install/as2_msgs/local/lib/python3.10/dist-packages/as2_msgs/srv/_set_speed.py
[292.301s] -- Symlinking: /ros2_ws/install/as2_msgs/local/lib/python3.10/dist-packages/as2_msgs/srv/_set_speed_s.c
[292.310s] -- Up-to-date symlink: /ros2_ws/install/as2_msgs/local/lib/python3.10/dist-packages/as2_msgs/as2_msgs_s__rosidl_typesupport_fastrtps_c.cpython-310-x86_64-linux-gnu.so
[292.311s] -- Up-to-date symlink: /ros2_ws/install/as2_msgs/local/lib/python3.10/dist-packages/as2_msgs/as2_msgs_s__rosidl_typesupport_introspection_c.cpython-310-x86_64-linux-gnu.so
[292.311s] -- Up-to-date symlink: /ros2_ws/install/as2_msgs/local/lib/python3.10/dist-packages/as2_msgs/as2_msgs_s__rosidl_typesupport_c.cpython-310-x86_64-linux-gnu.so
[292.311s] -- Symlinking: /ros2_ws/install/as2_msgs/share/as2_msgs/msg/Acro.idl
[292.320s] -- Symlinking: /ros2_ws/install/as2_msgs/share/as2_msgs/msg/AlertEvent.idl
[292.329s] -- Symlinking: /ros2_ws/install/as2_msgs/share/as2_msgs/msg/BehaviorStatus.idl
[292.338s] -- Symlinking: /ros2_ws/install/as2_msgs/share/as2_msgs/msg/ControlMode.idl
[292.347s] -- Symlinking: /ros2_ws/install/as2_msgs/share/as2_msgs/msg/ControllerInfo.idl
[292.356s] -- Symlinking: /ros2_ws/install/as2_msgs/share/as2_msgs/msg/FollowTargetInfo.idl
[292.365s] -- Symlinking: /ros2_ws/install/as2_msgs/share/as2_msgs/msg/Geozone.idl
[292.374s] -- Symlinking: /ros2_ws/install/as2_msgs/share/as2_msgs/msg/GimbalControl.idl
[292.385s] -- Symlinking: /ros2_ws/install/as2_msgs/share/as2_msgs/msg/MissionEvent.idl
[292.394s] -- Symlinking: /ros2_ws/install/as2_msgs/share/as2_msgs/msg/MissionUpdate.idl
[292.403s] -- Symlinking: /ros2_ws/install/as2_msgs/share/as2_msgs/msg/NodeStatus.idl
[292.412s] -- Symlinking: /ros2_ws/install/as2_msgs/share/as2_msgs/msg/PlatformInfo.idl
[292.421s] -- Symlinking: /ros2_ws/install/as2_msgs/share/as2_msgs/msg/PlatformStateMachineEvent.idl
[292.429s] -- Symlinking: /ros2_ws/install/as2_msgs/share/as2_msgs/msg/PlatformStatus.idl
[292.438s] -- Symlinking: /ros2_ws/install/as2_msgs/share/as2_msgs/msg/PolygonList.idl
[292.447s] -- Symlinking: /ros2_ws/install/as2_msgs/share/as2_msgs/msg/PoseStampedWithID.idl
[292.455s] -- Symlinking: /ros2_ws/install/as2_msgs/share/as2_msgs/msg/PoseStampedWithIDArray.idl
[292.464s] -- Symlinking: /ros2_ws/install/as2_msgs/share/as2_msgs/msg/PoseWithID.idl
[292.472s] -- Symlinking: /ros2_ws/install/as2_msgs/share/as2_msgs/msg/PoseWithIDArray.idl
[292.481s] -- Symlinking: /ros2_ws/install/as2_msgs/share/as2_msgs/msg/Speed.idl
[292.490s] -- Symlinking: /ros2_ws/install/as2_msgs/share/as2_msgs/msg/Thrust.idl
[292.498s] -- Symlinking: /ros2_ws/install/as2_msgs/share/as2_msgs/msg/TrajGenInfo.idl
[292.507s] -- Symlinking: /ros2_ws/install/as2_msgs/share/as2_msgs/msg/TrajectoryPoint.idl
[292.518s] -- Symlinking: /ros2_ws/install/as2_msgs/share/as2_msgs/msg/TrajectorySetpoints.idl
[292.527s] -- Symlinking: /ros2_ws/install/as2_msgs/share/as2_msgs/msg/UInt16MultiArrayStamped.idl
[292.537s] -- Symlinking: /ros2_ws/install/as2_msgs/share/as2_msgs/msg/YawMode.idl
[292.546s] -- Symlinking: /ros2_ws/install/as2_msgs/share/as2_msgs/srv/AddStaticTransform.idl
[292.554s] -- Symlinking: /ros2_ws/install/as2_msgs/share/as2_msgs/srv/AddStaticTransformGps.idl
[292.563s] -- Symlinking: /ros2_ws/install/as2_msgs/share/as2_msgs/srv/DynamicFollower.idl
[292.572s] -- Symlinking: /ros2_ws/install/as2_msgs/share/as2_msgs/srv/DynamicLand.idl
[292.581s] -- Symlinking: /ros2_ws/install/as2_msgs/share/as2_msgs/srv/GeopathToPath.idl
[292.590s] -- Symlinking: /ros2_ws/install/as2_msgs/share/as2_msgs/srv/GetGeozone.idl
[292.598s] -- Symlinking: /ros2_ws/install/as2_msgs/share/as2_msgs/srv/GetOrigin.idl
[292.607s] -- Symlinking: /ros2_ws/install/as2_msgs/share/as2_msgs/srv/ListControlModes.idl
[292.618s] -- Symlinking: /ros2_ws/install/as2_msgs/share/as2_msgs/srv/ModifySwarm.idl
[292.628s] -- Symlinking: /ros2_ws/install/as2_msgs/share/as2_msgs/srv/PackagePickUp.idl
[292.637s] -- Symlinking: /ros2_ws/install/as2_msgs/share/as2_msgs/srv/PackageUnPick.idl
[292.646s] -- Symlinking: /ros2_ws/install/as2_msgs/share/as2_msgs/srv/PathToGeopath.idl
[292.655s] -- Symlinking: /ros2_ws/install/as2_msgs/share/as2_msgs/srv/SetControlMode.idl
[292.664s] -- Symlinking: /ros2_ws/install/as2_msgs/share/as2_msgs/srv/SetGeozone.idl
[292.672s] -- Symlinking: /ros2_ws/install/as2_msgs/share/as2_msgs/srv/SetOrigin.idl
[292.681s] -- Symlinking: /ros2_ws/install/as2_msgs/share/as2_msgs/srv/SetPlatformStateMachineEvent.idl
[292.690s] -- Symlinking: /ros2_ws/install/as2_msgs/share/as2_msgs/srv/SetSpeed.idl
[292.699s] -- Symlinking: /ros2_ws/install/as2_msgs/share/as2_msgs/action/DetectArucoMarkers.idl
[292.708s] -- Symlinking: /ros2_ws/install/as2_msgs/share/as2_msgs/action/FollowPath.idl
[292.718s] -- Symlinking: /ros2_ws/install/as2_msgs/share/as2_msgs/action/FollowReference.idl
[292.727s] -- Symlinking: /ros2_ws/install/as2_msgs/share/as2_msgs/action/GeneratePolynomialTrajectory.idl
[292.736s] -- Symlinking: /ros2_ws/install/as2_msgs/share/as2_msgs/action/GoToWaypoint.idl
[292.745s] -- Symlinking: /ros2_ws/install/as2_msgs/share/as2_msgs/action/Land.idl
[292.754s] -- Symlinking: /ros2_ws/install/as2_msgs/share/as2_msgs/action/NavigateToPoint.idl
[292.763s] -- Symlinking: /ros2_ws/install/as2_msgs/share/as2_msgs/action/PointGimbal.idl
[292.772s] -- Symlinking: /ros2_ws/install/as2_msgs/share/as2_msgs/action/SetArmingState.idl
[292.781s] -- Symlinking: /ros2_ws/install/as2_msgs/share/as2_msgs/action/SetOffboardMode.idl
[292.790s] -- Symlinking: /ros2_ws/install/as2_msgs/share/as2_msgs/action/SwarmFlocking.idl
[292.800s] -- Symlinking: /ros2_ws/install/as2_msgs/share/as2_msgs/action/Takeoff.idl
[292.810s] -- Symlinking: /ros2_ws/install/as2_msgs/share/as2_msgs/msg/Acro.msg
[292.818s] -- Symlinking: /ros2_ws/install/as2_msgs/share/as2_msgs/msg/AlertEvent.msg
[292.827s] -- Symlinking: /ros2_ws/install/as2_msgs/share/as2_msgs/msg/BehaviorStatus.msg
[292.836s] -- Symlinking: /ros2_ws/install/as2_msgs/share/as2_msgs/msg/ControlMode.msg
[292.844s] -- Symlinking: /ros2_ws/install/as2_msgs/share/as2_msgs/msg/ControllerInfo.msg
[292.852s] -- Symlinking: /ros2_ws/install/as2_msgs/share/as2_msgs/msg/FollowTargetInfo.msg
[292.861s] -- Symlinking: /ros2_ws/install/as2_msgs/share/as2_msgs/msg/Geozone.msg
[292.869s] -- Symlinking: /ros2_ws/install/as2_msgs/share/as2_msgs/msg/GimbalControl.msg
[292.878s] -- Symlinking: /ros2_ws/install/as2_msgs/share/as2_msgs/msg/MissionEvent.msg
[292.886s] -- Symlinking: /ros2_ws/install/as2_msgs/share/as2_msgs/msg/MissionUpdate.msg
[292.895s] -- Symlinking: /ros2_ws/install/as2_msgs/share/as2_msgs/msg/NodeStatus.msg
[292.904s] -- Symlinking: /ros2_ws/install/as2_msgs/share/as2_msgs/msg/PlatformInfo.msg
[292.913s] -- Symlinking: /ros2_ws/install/as2_msgs/share/as2_msgs/msg/PlatformStateMachineEvent.msg
[292.923s] -- Symlinking: /ros2_ws/install/as2_msgs/share/as2_msgs/msg/PlatformStatus.msg
[292.932s] -- Symlinking: /ros2_ws/install/as2_msgs/share/as2_msgs/msg/PolygonList.msg
[292.941s] -- Symlinking: /ros2_ws/install/as2_msgs/share/as2_msgs/msg/PoseStampedWithID.msg
[292.950s] -- Symlinking: /ros2_ws/install/as2_msgs/share/as2_msgs/msg/PoseStampedWithIDArray.msg
[292.959s] -- Symlinking: /ros2_ws/install/as2_msgs/share/as2_msgs/msg/PoseWithID.msg
[292.969s] -- Symlinking: /ros2_ws/install/as2_msgs/share/as2_msgs/msg/PoseWithIDArray.msg
[292.978s] -- Symlinking: /ros2_ws/install/as2_msgs/share/as2_msgs/msg/Speed.msg
[292.987s] -- Symlinking: /ros2_ws/install/as2_msgs/share/as2_msgs/msg/Thrust.msg
[292.996s] -- Symlinking: /ros2_ws/install/as2_msgs/share/as2_msgs/msg/TrajGenInfo.msg
[293.005s] -- Symlinking: /ros2_ws/install/as2_msgs/share/as2_msgs/msg/TrajectoryPoint.msg
[293.015s] -- Symlinking: /ros2_ws/install/as2_msgs/share/as2_msgs/msg/TrajectorySetpoints.msg
[293.024s] -- Symlinking: /ros2_ws/install/as2_msgs/share/as2_msgs/msg/UInt16MultiArrayStamped.msg
[293.034s] -- Symlinking: /ros2_ws/install/as2_msgs/share/as2_msgs/msg/YawMode.msg
[293.043s] -- Symlinking: /ros2_ws/install/as2_msgs/share/as2_msgs/srv/AddStaticTransform.srv
[293.052s] -- Symlinking: /ros2_ws/install/as2_msgs/share/as2_msgs/srv/AddStaticTransform_Request.msg
[293.061s] -- Symlinking: /ros2_ws/install/as2_msgs/share/as2_msgs/srv/AddStaticTransform_Response.msg
[293.070s] -- Symlinking: /ros2_ws/install/as2_msgs/share/as2_msgs/srv/AddStaticTransformGps.srv
[293.079s] -- Symlinking: /ros2_ws/install/as2_msgs/share/as2_msgs/srv/AddStaticTransformGps_Request.msg
[293.088s] -- Symlinking: /ros2_ws/install/as2_msgs/share/as2_msgs/srv/AddStaticTransformGps_Response.msg
[293.096s] -- Symlinking: /ros2_ws/install/as2_msgs/share/as2_msgs/srv/DynamicFollower.srv
[293.105s] -- Symlinking: /ros2_ws/install/as2_msgs/share/as2_msgs/srv/DynamicFollower_Request.msg
[293.113s] -- Symlinking: /ros2_ws/install/as2_msgs/share/as2_msgs/srv/DynamicFollower_Response.msg
[293.122s] -- Symlinking: /ros2_ws/install/as2_msgs/share/as2_msgs/srv/DynamicLand.srv
[293.131s] -- Symlinking: /ros2_ws/install/as2_msgs/share/as2_msgs/srv/DynamicLand_Request.msg
[293.139s] -- Symlinking: /ros2_ws/install/as2_msgs/share/as2_msgs/srv/DynamicLand_Response.msg
[293.148s] -- Symlinking: /ros2_ws/install/as2_msgs/share/as2_msgs/srv/GeopathToPath.srv
[293.157s] -- Symlinking: /ros2_ws/install/as2_msgs/share/as2_msgs/srv/GeopathToPath_Request.msg
[293.167s] -- Symlinking: /ros2_ws/install/as2_msgs/share/as2_msgs/srv/GeopathToPath_Response.msg
[293.176s] -- Symlinking: /ros2_ws/install/as2_msgs/share/as2_msgs/srv/GetGeozone.srv
[293.186s] -- Symlinking: /ros2_ws/install/as2_msgs/share/as2_msgs/srv/GetGeozone_Request.msg
[293.195s] -- Symlinking: /ros2_ws/install/as2_msgs/share/as2_msgs/srv/GetGeozone_Response.msg
[293.205s] -- Symlinking: /ros2_ws/install/as2_msgs/share/as2_msgs/srv/GetOrigin.srv
[293.214s] -- Symlinking: /ros2_ws/install/as2_msgs/share/as2_msgs/srv/GetOrigin_Request.msg
[293.225s] -- Symlinking: /ros2_ws/install/as2_msgs/share/as2_msgs/srv/GetOrigin_Response.msg
[293.234s] -- Symlinking: /ros2_ws/install/as2_msgs/share/as2_msgs/srv/ListControlModes.srv
[293.244s] -- Symlinking: /ros2_ws/install/as2_msgs/share/as2_msgs/srv/ListControlModes_Request.msg
[293.253s] -- Symlinking: /ros2_ws/install/as2_msgs/share/as2_msgs/srv/ListControlModes_Response.msg
[293.262s] -- Symlinking: /ros2_ws/install/as2_msgs/share/as2_msgs/srv/ModifySwarm.srv
[293.271s] -- Symlinking: /ros2_ws/install/as2_msgs/share/as2_msgs/srv/ModifySwarm_Request.msg
[293.280s] -- Symlinking: /ros2_ws/install/as2_msgs/share/as2_msgs/srv/ModifySwarm_Response.msg
[293.288s] -- Symlinking: /ros2_ws/install/as2_msgs/share/as2_msgs/srv/PackagePickUp.srv
[293.297s] -- Symlinking: /ros2_ws/install/as2_msgs/share/as2_msgs/srv/PackagePickUp_Request.msg
[293.306s] -- Symlinking: /ros2_ws/install/as2_msgs/share/as2_msgs/srv/PackagePickUp_Response.msg
[293.316s] -- Symlinking: /ros2_ws/install/as2_msgs/share/as2_msgs/srv/PackageUnPick.srv
[293.326s] -- Symlinking: /ros2_ws/install/as2_msgs/share/as2_msgs/srv/PackageUnPick_Request.msg
[293.336s] -- Symlinking: /ros2_ws/install/as2_msgs/share/as2_msgs/srv/PackageUnPick_Response.msg
[293.346s] -- Symlinking: /ros2_ws/install/as2_msgs/share/as2_msgs/srv/PathToGeopath.srv
[293.356s] -- Symlinking: /ros2_ws/install/as2_msgs/share/as2_msgs/srv/PathToGeopath_Request.msg
[293.366s] -- Symlinking: /ros2_ws/install/as2_msgs/share/as2_msgs/srv/PathToGeopath_Response.msg
[293.375s] -- Symlinking: /ros2_ws/install/as2_msgs/share/as2_msgs/srv/SetControlMode.srv
[293.385s] -- Symlinking: /ros2_ws/install/as2_msgs/share/as2_msgs/srv/SetControlMode_Request.msg
[293.395s] -- Symlinking: /ros2_ws/install/as2_msgs/share/as2_msgs/srv/SetControlMode_Response.msg
[293.404s] -- Symlinking: /ros2_ws/install/as2_msgs/share/as2_msgs/srv/SetGeozone.srv
[293.414s] -- Symlinking: /ros2_ws/install/as2_msgs/share/as2_msgs/srv/SetGeozone_Request.msg
[293.424s] -- Symlinking: /ros2_ws/install/as2_msgs/share/as2_msgs/srv/SetGeozone_Response.msg
[293.434s] -- Symlinking: /ros2_ws/install/as2_msgs/share/as2_msgs/srv/SetOrigin.srv
[293.444s] -- Symlinking: /ros2_ws/install/as2_msgs/share/as2_msgs/srv/SetOrigin_Request.msg
[293.453s] -- Symlinking: /ros2_ws/install/as2_msgs/share/as2_msgs/srv/SetOrigin_Response.msg
[293.462s] -- Symlinking: /ros2_ws/install/as2_msgs/share/as2_msgs/srv/SetPlatformStateMachineEvent.srv
[293.471s] -- Symlinking: /ros2_ws/install/as2_msgs/share/as2_msgs/srv/SetPlatformStateMachineEvent_Request.msg
[293.480s] -- Symlinking: /ros2_ws/install/as2_msgs/share/as2_msgs/srv/SetPlatformStateMachineEvent_Response.msg
[293.489s] -- Symlinking: /ros2_ws/install/as2_msgs/share/as2_msgs/srv/SetSpeed.srv
[293.497s] -- Symlinking: /ros2_ws/install/as2_msgs/share/as2_msgs/srv/SetSpeed_Request.msg
[293.506s] -- Symlinking: /ros2_ws/install/as2_msgs/share/as2_msgs/srv/SetSpeed_Response.msg
[293.515s] -- Symlinking: /ros2_ws/install/as2_msgs/share/as2_msgs/action/DetectArucoMarkers.action
[293.524s] -- Symlinking: /ros2_ws/install/as2_msgs/share/as2_msgs/action/FollowPath.action
[293.533s] -- Symlinking: /ros2_ws/install/as2_msgs/share/as2_msgs/action/FollowReference.action
[293.544s] -- Symlinking: /ros2_ws/install/as2_msgs/share/as2_msgs/action/GeneratePolynomialTrajectory.action
[293.553s] -- Symlinking: /ros2_ws/install/as2_msgs/share/as2_msgs/action/GoToWaypoint.action
[293.563s] -- Symlinking: /ros2_ws/install/as2_msgs/share/as2_msgs/action/Land.action
[293.629s] -- Symlinking: /ros2_ws/install/as2_msgs/share/as2_msgs/action/NavigateToPoint.action
[293.658s] -- Symlinking: /ros2_ws/install/as2_msgs/share/as2_msgs/action/PointGimbal.action
[293.687s] -- Symlinking: /ros2_ws/install/as2_msgs/share/as2_msgs/action/SetArmingState.action
[293.706s] -- Symlinking: /ros2_ws/install/as2_msgs/share/as2_msgs/action/SetOffboardMode.action
[293.726s] -- Symlinking: /ros2_ws/install/as2_msgs/share/as2_msgs/action/SwarmFlocking.action
[293.745s] -- Symlinking: /ros2_ws/install/as2_msgs/share/as2_msgs/action/Takeoff.action
[293.765s] -- Symlinking: /ros2_ws/install/as2_msgs/share/ament_index/resource_index/package_run_dependencies/as2_msgs
[293.782s] -- Symlinking: /ros2_ws/install/as2_msgs/share/ament_index/resource_index/parent_prefix_path/as2_msgs
[293.795s] -- Symlinking: /ros2_ws/install/as2_msgs/share/as2_msgs/environment/ament_prefix_path.sh
[293.807s] -- Symlinking: /ros2_ws/install/as2_msgs/share/as2_msgs/environment/ament_prefix_path.dsv
[293.819s] -- Symlinking: /ros2_ws/install/as2_msgs/share/as2_msgs/environment/path.sh
[293.830s] -- Symlinking: /ros2_ws/install/as2_msgs/share/as2_msgs/environment/path.dsv
[293.840s] -- Symlinking: /ros2_ws/install/as2_msgs/share/as2_msgs/local_setup.bash
[293.850s] -- Symlinking: /ros2_ws/install/as2_msgs/share/as2_msgs/local_setup.sh
[293.859s] -- Symlinking: /ros2_ws/install/as2_msgs/share/as2_msgs/local_setup.zsh
[293.868s] -- Symlinking: /ros2_ws/install/as2_msgs/share/as2_msgs/local_setup.dsv
[293.877s] -- Symlinking: /ros2_ws/install/as2_msgs/share/as2_msgs/package.dsv
[293.886s] -- Symlinking: /ros2_ws/install/as2_msgs/share/ament_index/resource_index/packages/as2_msgs
[293.895s] -- Symlinking: /ros2_ws/install/as2_msgs/share/as2_msgs/cmake/rosidl_cmake-extras.cmake
[293.903s] -- Symlinking: /ros2_ws/install/as2_msgs/share/as2_msgs/cmake/ament_cmake_export_dependencies-extras.cmake
[293.912s] -- Symlinking: /ros2_ws/install/as2_msgs/share/as2_msgs/cmake/ament_cmake_export_include_directories-extras.cmake
[293.921s] -- Symlinking: /ros2_ws/install/as2_msgs/share/as2_msgs/cmake/ament_cmake_export_libraries-extras.cmake
[293.930s] -- Symlinking: /ros2_ws/install/as2_msgs/share/as2_msgs/cmake/ament_cmake_export_targets-extras.cmake
[293.939s] -- Symlinking: /ros2_ws/install/as2_msgs/share/as2_msgs/cmake/rosidl_cmake_export_typesupport_targets-extras.cmake
[293.949s] -- Symlinking: /ros2_ws/install/as2_msgs/share/as2_msgs/cmake/rosidl_cmake_export_typesupport_libraries-extras.cmake
[293.959s] -- Symlinking: /ros2_ws/install/as2_msgs/share/as2_msgs/cmake/as2_msgsConfig.cmake
[293.969s] -- Symlinking: /ros2_ws/install/as2_msgs/share/as2_msgs/cmake/as2_msgsConfig-version.cmake
[293.979s] -- Symlinking: /ros2_ws/install/as2_msgs/share/as2_msgs/package.xml
[293.989s] -- Installing: /ros2_ws/install/as2_msgs/lib/libas2_msgs__rosidl_generator_c.so
[293.990s] -- Set runtime path of "/ros2_ws/install/as2_msgs/lib/libas2_msgs__rosidl_generator_c.so" to ""
[293.990s] -- Installing: /ros2_ws/install/as2_msgs/lib/libas2_msgs__rosidl_typesupport_fastrtps_c.so
[293.991s] -- Set runtime path of "/ros2_ws/install/as2_msgs/lib/libas2_msgs__rosidl_typesupport_fastrtps_c.so" to ""
[293.991s] -- Installing: /ros2_ws/install/as2_msgs/lib/libas2_msgs__rosidl_typesupport_introspection_c.so
[293.992s] -- Set runtime path of "/ros2_ws/install/as2_msgs/lib/libas2_msgs__rosidl_typesupport_introspection_c.so" to ""
[293.992s] -- Installing: /ros2_ws/install/as2_msgs/lib/libas2_msgs__rosidl_typesupport_c.so
[293.993s] -- Set runtime path of "/ros2_ws/install/as2_msgs/lib/libas2_msgs__rosidl_typesupport_c.so" to ""
[293.993s] -- Installing: /ros2_ws/install/as2_msgs/lib/libas2_msgs__rosidl_typesupport_fastrtps_cpp.so
[293.994s] -- Set runtime path of "/ros2_ws/install/as2_msgs/lib/libas2_msgs__rosidl_typesupport_fastrtps_cpp.so" to ""
[293.995s] -- Installing: /ros2_ws/install/as2_msgs/lib/libas2_msgs__rosidl_typesupport_introspection_cpp.so
[293.996s] -- Set runtime path of "/ros2_ws/install/as2_msgs/lib/libas2_msgs__rosidl_typesupport_introspection_cpp.so" to ""
[293.996s] -- Installing: /ros2_ws/install/as2_msgs/lib/libas2_msgs__rosidl_typesupport_cpp.so
[293.997s] -- Set runtime path of "/ros2_ws/install/as2_msgs/lib/libas2_msgs__rosidl_typesupport_cpp.so" to ""
[294.156s] Listing '/ros2_ws/install/as2_msgs/local/lib/python3.10/dist-packages/as2_msgs'...
[294.156s] Compiling '/ros2_ws/install/as2_msgs/local/lib/python3.10/dist-packages/as2_msgs/__init__.py'...
[294.156s] Listing '/ros2_ws/install/as2_msgs/local/lib/python3.10/dist-packages/as2_msgs/action'...
[294.156s] Compiling '/ros2_ws/install/as2_msgs/local/lib/python3.10/dist-packages/as2_msgs/action/__init__.py'...
[294.156s] Compiling '/ros2_ws/install/as2_msgs/local/lib/python3.10/dist-packages/as2_msgs/action/_detect_aruco_markers.py'...
[294.156s] Compiling '/ros2_ws/install/as2_msgs/local/lib/python3.10/dist-packages/as2_msgs/action/_follow_path.py'...
[294.156s] Compiling '/ros2_ws/install/as2_msgs/local/lib/python3.10/dist-packages/as2_msgs/action/_follow_reference.py'...
[294.156s] Compiling '/ros2_ws/install/as2_msgs/local/lib/python3.10/dist-packages/as2_msgs/action/_generate_polynomial_trajectory.py'...
[294.156s] Compiling '/ros2_ws/install/as2_msgs/local/lib/python3.10/dist-packages/as2_msgs/action/_go_to_waypoint.py'...
[294.156s] Compiling '/ros2_ws/install/as2_msgs/local/lib/python3.10/dist-packages/as2_msgs/action/_land.py'...
[294.156s] Compiling '/ros2_ws/install/as2_msgs/local/lib/python3.10/dist-packages/as2_msgs/action/_navigate_to_point.py'...
[294.156s] Compiling '/ros2_ws/install/as2_msgs/local/lib/python3.10/dist-packages/as2_msgs/action/_point_gimbal.py'...
[294.156s] Compiling '/ros2_ws/install/as2_msgs/local/lib/python3.10/dist-packages/as2_msgs/action/_set_arming_state.py'...
[294.157s] Compiling '/ros2_ws/install/as2_msgs/local/lib/python3.10/dist-packages/as2_msgs/action/_set_offboard_mode.py'...
[294.157s] Compiling '/ros2_ws/install/as2_msgs/local/lib/python3.10/dist-packages/as2_msgs/action/_swarm_flocking.py'...
[294.157s] Compiling '/ros2_ws/install/as2_msgs/local/lib/python3.10/dist-packages/as2_msgs/action/_takeoff.py'...
[294.157s] Listing '/ros2_ws/install/as2_msgs/local/lib/python3.10/dist-packages/as2_msgs/msg'...
[294.157s] Compiling '/ros2_ws/install/as2_msgs/local/lib/python3.10/dist-packages/as2_msgs/msg/__init__.py'...
[294.157s] Compiling '/ros2_ws/install/as2_msgs/local/lib/python3.10/dist-packages/as2_msgs/msg/_acro.py'...
[294.157s] Compiling '/ros2_ws/install/as2_msgs/local/lib/python3.10/dist-packages/as2_msgs/msg/_alert_event.py'...
[294.157s] Compiling '/ros2_ws/install/as2_msgs/local/lib/python3.10/dist-packages/as2_msgs/msg/_behavior_status.py'...
[294.157s] Compiling '/ros2_ws/install/as2_msgs/local/lib/python3.10/dist-packages/as2_msgs/msg/_control_mode.py'...
[294.157s] Compiling '/ros2_ws/install/as2_msgs/local/lib/python3.10/dist-packages/as2_msgs/msg/_controller_info.py'...
[294.157s] Compiling '/ros2_ws/install/as2_msgs/local/lib/python3.10/dist-packages/as2_msgs/msg/_follow_target_info.py'...
[294.157s] Compiling '/ros2_ws/install/as2_msgs/local/lib/python3.10/dist-packages/as2_msgs/msg/_geozone.py'...
[294.157s] Compiling '/ros2_ws/install/as2_msgs/local/lib/python3.10/dist-packages/as2_msgs/msg/_gimbal_control.py'...
[294.157s] Compiling '/ros2_ws/install/as2_msgs/local/lib/python3.10/dist-packages/as2_msgs/msg/_mission_event.py'...
[294.157s] Compiling '/ros2_ws/install/as2_msgs/local/lib/python3.10/dist-packages/as2_msgs/msg/_mission_update.py'...
[294.157s] Compiling '/ros2_ws/install/as2_msgs/local/lib/python3.10/dist-packages/as2_msgs/msg/_node_status.py'...
[294.157s] Compiling '/ros2_ws/install/as2_msgs/local/lib/python3.10/dist-packages/as2_msgs/msg/_platform_info.py'...
[294.158s] Compiling '/ros2_ws/install/as2_msgs/local/lib/python3.10/dist-packages/as2_msgs/msg/_platform_state_machine_event.py'...
[294.158s] Compiling '/ros2_ws/install/as2_msgs/local/lib/python3.10/dist-packages/as2_msgs/msg/_platform_status.py'...
[294.158s] Compiling '/ros2_ws/install/as2_msgs/local/lib/python3.10/dist-packages/as2_msgs/msg/_polygon_list.py'...
[294.158s] Compiling '/ros2_ws/install/as2_msgs/local/lib/python3.10/dist-packages/as2_msgs/msg/_pose_stamped_with_id.py'...
[294.158s] Compiling '/ros2_ws/install/as2_msgs/local/lib/python3.10/dist-packages/as2_msgs/msg/_pose_stamped_with_id_array.py'...
[294.158s] Compiling '/ros2_ws/install/as2_msgs/local/lib/python3.10/dist-packages/as2_msgs/msg/_pose_with_id.py'...
[294.158s] Compiling '/ros2_ws/install/as2_msgs/local/lib/python3.10/dist-packages/as2_msgs/msg/_pose_with_id_array.py'...
[294.158s] Compiling '/ros2_ws/install/as2_msgs/local/lib/python3.10/dist-packages/as2_msgs/msg/_speed.py'...
[294.158s] Compiling '/ros2_ws/install/as2_msgs/local/lib/python3.10/dist-packages/as2_msgs/msg/_thrust.py'...
[294.158s] Compiling '/ros2_ws/install/as2_msgs/local/lib/python3.10/dist-packages/as2_msgs/msg/_traj_gen_info.py'...
[294.158s] Compiling '/ros2_ws/install/as2_msgs/local/lib/python3.10/dist-packages/as2_msgs/msg/_trajectory_point.py'...
[294.158s] Compiling '/ros2_ws/install/as2_msgs/local/lib/python3.10/dist-packages/as2_msgs/msg/_trajectory_setpoints.py'...
[294.158s] Compiling '/ros2_ws/install/as2_msgs/local/lib/python3.10/dist-packages/as2_msgs/msg/_u_int16_multi_array_stamped.py'...
[294.158s] Compiling '/ros2_ws/install/as2_msgs/local/lib/python3.10/dist-packages/as2_msgs/msg/_yaw_mode.py'...
[294.158s] Listing '/ros2_ws/install/as2_msgs/local/lib/python3.10/dist-packages/as2_msgs/srv'...
[294.158s] Compiling '/ros2_ws/install/as2_msgs/local/lib/python3.10/dist-packages/as2_msgs/srv/__init__.py'...
[294.159s] Compiling '/ros2_ws/install/as2_msgs/local/lib/python3.10/dist-packages/as2_msgs/srv/_add_static_transform.py'...
[294.159s] Compiling '/ros2_ws/install/as2_msgs/local/lib/python3.10/dist-packages/as2_msgs/srv/_add_static_transform_gps.py'...
[294.159s] Compiling '/ros2_ws/install/as2_msgs/local/lib/python3.10/dist-packages/as2_msgs/srv/_dynamic_follower.py'...
[294.159s] Compiling '/ros2_ws/install/as2_msgs/local/lib/python3.10/dist-packages/as2_msgs/srv/_dynamic_land.py'...
[294.159s] Compiling '/ros2_ws/install/as2_msgs/local/lib/python3.10/dist-packages/as2_msgs/srv/_geopath_to_path.py'...
[294.159s] Compiling '/ros2_ws/install/as2_msgs/local/lib/python3.10/dist-packages/as2_msgs/srv/_get_geozone.py'...
[294.159s] Compiling '/ros2_ws/install/as2_msgs/local/lib/python3.10/dist-packages/as2_msgs/srv/_get_origin.py'...
[294.159s] Compiling '/ros2_ws/install/as2_msgs/local/lib/python3.10/dist-packages/as2_msgs/srv/_list_control_modes.py'...
[294.159s] Compiling '/ros2_ws/install/as2_msgs/local/lib/python3.10/dist-packages/as2_msgs/srv/_modify_swarm.py'...
[294.159s] Compiling '/ros2_ws/install/as2_msgs/local/lib/python3.10/dist-packages/as2_msgs/srv/_package_pick_up.py'...
[294.159s] Compiling '/ros2_ws/install/as2_msgs/local/lib/python3.10/dist-packages/as2_msgs/srv/_package_un_pick.py'...
[294.159s] Compiling '/ros2_ws/install/as2_msgs/local/lib/python3.10/dist-packages/as2_msgs/srv/_path_to_geopath.py'...
[294.159s] Compiling '/ros2_ws/install/as2_msgs/local/lib/python3.10/dist-packages/as2_msgs/srv/_set_control_mode.py'...
[294.159s] Compiling '/ros2_ws/install/as2_msgs/local/lib/python3.10/dist-packages/as2_msgs/srv/_set_geozone.py'...
[294.159s] Compiling '/ros2_ws/install/as2_msgs/local/lib/python3.10/dist-packages/as2_msgs/srv/_set_origin.py'...
[294.159s] Compiling '/ros2_ws/install/as2_msgs/local/lib/python3.10/dist-packages/as2_msgs/srv/_set_platform_state_machine_event.py'...
[294.160s] Compiling '/ros2_ws/install/as2_msgs/local/lib/python3.10/dist-packages/as2_msgs/srv/_set_speed.py'...
[294.161s] -- Installing: /ros2_ws/install/as2_msgs/lib/libas2_msgs__rosidl_generator_py.so
[294.162s] -- Set runtime path of "/ros2_ws/install/as2_msgs/lib/libas2_msgs__rosidl_generator_py.so" to ""
[294.162s] -- Installing: /ros2_ws/install/as2_msgs/share/as2_msgs/cmake/export_as2_msgs__rosidl_generator_cExport.cmake
[294.162s] -- Installing: /ros2_ws/install/as2_msgs/share/as2_msgs/cmake/export_as2_msgs__rosidl_generator_cExport-release.cmake
[294.162s] -- Installing: /ros2_ws/install/as2_msgs/share/as2_msgs/cmake/export_as2_msgs__rosidl_typesupport_fastrtps_cExport.cmake
[294.162s] -- Installing: /ros2_ws/install/as2_msgs/share/as2_msgs/cmake/export_as2_msgs__rosidl_typesupport_fastrtps_cExport-release.cmake
[294.162s] -- Installing: /ros2_ws/install/as2_msgs/share/as2_msgs/cmake/as2_msgs__rosidl_typesupport_introspection_cExport.cmake
[294.162s] -- Installing: /ros2_ws/install/as2_msgs/share/as2_msgs/cmake/as2_msgs__rosidl_typesupport_introspection_cExport-release.cmake
[294.162s] -- Installing: /ros2_ws/install/as2_msgs/share/as2_msgs/cmake/as2_msgs__rosidl_typesupport_cExport.cmake
[294.162s] -- Installing: /ros2_ws/install/as2_msgs/share/as2_msgs/cmake/as2_msgs__rosidl_typesupport_cExport-release.cmake
[294.163s] -- Installing: /ros2_ws/install/as2_msgs/share/as2_msgs/cmake/export_as2_msgs__rosidl_generator_cppExport.cmake
[294.163s] -- Installing: /ros2_ws/install/as2_msgs/share/as2_msgs/cmake/export_as2_msgs__rosidl_typesupport_fastrtps_cppExport.cmake
[294.163s] -- Installing: /ros2_ws/install/as2_msgs/share/as2_msgs/cmake/export_as2_msgs__rosidl_typesupport_fastrtps_cppExport-release.cmake
[294.163s] -- Installing: /ros2_ws/install/as2_msgs/share/as2_msgs/cmake/as2_msgs__rosidl_typesupport_introspection_cppExport.cmake
[294.163s] -- Installing: /ros2_ws/install/as2_msgs/share/as2_msgs/cmake/as2_msgs__rosidl_typesupport_introspection_cppExport-release.cmake
[294.163s] -- Installing: /ros2_ws/install/as2_msgs/share/as2_msgs/cmake/as2_msgs__rosidl_typesupport_cppExport.cmake
[294.163s] -- Installing: /ros2_ws/install/as2_msgs/share/as2_msgs/cmake/as2_msgs__rosidl_typesupport_cppExport-release.cmake
[294.164s] -- Installing: /ros2_ws/install/as2_msgs/share/as2_msgs/cmake/export_as2_msgs__rosidl_generator_pyExport.cmake
[294.164s] -- Installing: /ros2_ws/install/as2_msgs/share/as2_msgs/cmake/export_as2_msgs__rosidl_generator_pyExport-release.cmake
[294.166s] Invoked command in '/ros2_ws/build/as2_msgs' returned '0': CMAKE_PREFIX_PATH=/opt/ros/humble /usr/bin/cmake --install /ros2_ws/build/as2_msgs
